Index,संस्कृतम्,हिन्दी अर्ध,English Meaning,word,sandhied_word,kaaraka_sambandha,hindi_meaning
2.1.A,तपः-स्वाध्याय-निरतम्,तप एवं स्वाध्याय में संलग्न,Who is constantly engaged in penance and self-study,तपः-,तपः-स्वाध्याय-निरतम्,"इतरेतर-द्वन्द्वः,1.2",तपः-
,,,,स्वाध्याय-,--,"सप्तमी-तत्पुरुषः,1.3",स्वाध्याय-
,,,,निरतम्,--,"विशेषणम्,5.1",निरत
,तपस्वी,तपस्वी,One who performs penance,तपस्वी,--,"विशेषणम्,7.1",तपस्वी
,वाग्-विदाम्,शास्त्रज्ञों में,amongst wise men,वाक्-,--,"उपपद-तत्पुरुषः,3.2",वाक्-
,,,,विदाम्,--,"निर्धारणम्,4.1",विदों_में
,वरम्,श्रेष्ठ,greatest,वरम्,--,"विशेषणम्,5.1",श्रेष्ठ
2.2.A,नारदम्,देवर्षि नारद से,to the devine sage Narada,नारदम्,--,"कर्म,6.1",नारद_को
,परि-पप्रच्छ,पूछा,asked,परिपप्रच्छ,--,"अभिहित_कर्ता,7.1;सकर्मक",पूछा
,,,,वाल्मीकिः,--,"कर्ता,6.1",वाल्मीकि_ने
,वाल्मीकिः,महर्षि वाल्मीकि,sage named Valmiki,मुनि-,--,"सप्तमी-तत्पुरुषः,8.2",मुनि-
,मुनि-पुङ्गवम्,मुनि-श्रेष्ठ,greatest among sages,पुङ्गवम्,--,"विशेषणम्,5.1",श्रेष्ठ
,,,,.,-,-,-
,1,1,1,कः,कः,"कर्ता,7.1",कौन
3.1.A,कः,कौन,who,नु,नु,"सम्बन्धः,1.1",नु
,नु,नु,But,अस्मिन्,अस्मिन्,"विशेषणम्,5.1",इस
,अस्मिन्,इस,in this,साम्प्रतम्,साम्प्रतम्,"कालाधिकरणम्,7.1",अब
,साम्प्रतम्,इस समय,now,लोके,लोके,"अधिकरणम्,7.1",लोक_में
,लोके,लोक में,world,गुणवान्,गुणवान्,"विधेय_विशेषणम्,1.1",गुण_पुं
,गुणवान्,प्रशस्त गुणों से युक्त,associated with virtues,(अस्ति),(अस्ति),"अभिहित_कर्ता,1.1",है
,कः,कौन,who,.,.,-,-
,च,भी,too,कः,कः,"कर्ता,10.1",कौन
,वीर्यवान्,पराक्रम सम्पन्न,possessed of prowess,च,च,"सम्बन्धः,1.1",च1
3.2.A,धर्मज्ञः,धर्म के ज्ञाता,knower of duties,वीर्यवान्,वीर्यवान्,"समुच्चितः,9.2",मजबूत
,च,भी,too,धर्म-,धर्म-ज्ञः,"उपपद-तत्पुरुषः,4.2",धर्म-
,कृतज्ञः,दूसरों के उपकार को याद रखने वाला,conscious of service done by others,ज्ञः,--,"समुच्चितः,9.2",ज्ञ
,च,भी,too,च,च,"समुच्चय_द्योतकः,4.2",च2
,सत्य-वाक्यः,सदा ही सत्य बोलने वाला,one who always speaks truth,कृत-,कृत-ज्ञः,"उपपद-तत्पुरुषः,6.2",
,,,,ज्ञः,--,"समुच्चितः,9.2",ज्ञ
,दृढ-व्रतः,दृढ संकल्प वाला,determined,च,च,"समुच्चय_द्योतकः,6.2",च2
,,,,सत्य-,सत्य-वाक्यः,"बहुव्रीहिः,8.2",सत्य-
,2,2,2,वाक्यः,--,"समुच्चितः,9.2",वाक्य
4.1.A,चारित्रेण,चारित्र्य से,right conduct,दृढ-,दृढ-व्रतः,"बहुव्रीहिः,9.2",दृढ-
,च,भी,too,व्रतः,--,"विधेय_विशेषणम्,1.1",व्रत
,कः,कौन,who,(अस्ति),(अस्ति),"अभिहित_कर्ता,1.1",है
,युक्तः,सम्पन्न,associated,.,.,-,-
,सर्व-भूतेषु,सभी प्राणियों में,among all the living beings,चारित्रेण,चारित्रेण,"सहार्थः,4.1",चारित्र_से
,,,,च,च,"सम्बन्धः,1.1",च1
,कः,कौन,who,कः,कः,"कर्ता,5.1",कौन
,हितः,हित करने वाला,one who does good,युक्तः,युक्तः,"विधेय_विशेषणम्,3.1",युक्त
4.2.A,विद्वान्,शास्त्रों का ज्ञाता,man of sastric knowledge,(अस्ति),(अस्ति),"अभिहित_कर्ता,4.1",है
,कः,कौन,who,.,.,-,-
,कः,कौन,who,सर्व-,सर्व-भूतेषु,"कर्मधारयः,1.2",सर्व-
,समर्थः,समर्थ,"capable,skilful",भूतेषु,--,"अधिकरणम्,4.1",प्राणियों_में
,च,भी,too,कः,कः,"कर्ता,4.1",कौन
,कः,कौन,who,हितः,हितः,"विधेय_विशेषणम्,2.1",हित
,च,भी,too,(अस्ति),(अस्ति),"अभिहित_कर्ता,2.1",है
,एक-प्रिय-दर्शनः,सभी का हमेशा प्रिय,one who is dear to all,.,.,-,-
,,,,विद्वान्,विद्वान्,"विधेय_विशेषणम्,2.1",विद्वान्
,,,,कः,कः,"कर्ता,3.1",कौन
,3,3,3,(अस्ति),(अस्ति),"अभिहित_कर्ता,2.1",है
5.1.A,आत्मवान्,स्वाधीन अन्त:करण वाला,subduer of self,.,.,-,-
,कः,कौन,who,कः,कः,"कर्ता,4.1",कौन
,जित-क्रोधः,क्रोध को वश में रखनेवाला,conquerer of anger,समर्थः,समर्थः,"विधेय_विशेषणम्,1.1",समर्थ
,,,,च,च,"सम्बन्धः,2.1",च1
,द्युतिमान्,कान्तियुक्त,radiant,(अस्ति),(अस्ति),"अभिहित_कर्ता,1.1",है
,कः,कौन,who,.,.,-,-
,अनसूयकः,असूया से रहित,free from jealousy,कः,कः,"कर्ता,4.1",कौन
5.2.A,कस्य,किससे,from whom,च,च,"सम्बन्धः,1.1",च1
,बिभ्यति,भयभीत होते हैं,do fear,एक-,एक-प्रिय-दर्शनः,"षष्ठी_बहुव्रीहिः,3.2",एक-
,देवाः,देवता,the gods,प्रिय-,--,"कर्मधारयः,3.3",प्रिय-
,च,भी,too,दर्शनः,--,"विधेय_विशेषणम्,1.1",दर्शन
,जात-रोषस्य,क्रुद्ध होने (पर),when wrath is provoked,(अस्ति),(अस्ति),"अभिहित_कर्ता,1.1",है
,,,,.,.,-,-
,सम्-युगे,युद्ध में,in the battle,आत्मवान्,आत्मवान्,"विधेय_विशेषणम्,2.1",आत्मन्-वाला
,,,,कः,कः,"कर्ता,3.1",कौन
,4,4,4,(अस्ति),(अस्ति),"अभिहित_कर्ता,2.1",है
6.1.A,एतद्,इसे,एतद्,.,.,-,-
,इच्छामि,चाहता हूँ,(I)desire,जित-,जित-क्रोधः,"बहुव्रीहिः,1.2",जित
,अहम्,मैं,I,क्रोधः,--,"समुच्चितः,2.1",क्रोध
,श्रोतुम्,सुनना,to hear,द्युतिमान्,द्युतिमान्,"विधेय_विशेषणम्,4.1",द्युति_वाला
,परम्,उत्कट,great,(च),(च),"समुच्चय_द्योतकः,2.1",च2
,कौतूहलम्,कौतुक,curiosity,(कः),(कः),"कर्ता,5.1",कौन
,हि,चूँकि,because,(अस्ति),(अस्ति),"अभिहित_कर्ता,4.1",है
,मे,मेरा,mine,.,.,-,-
6.2.A,महर्षे,मुनिवर,O sage!,कः,कः,"कर्ता,4.1",कौन
,त्वम्,तुम (आप),you,अन्-,अन्-असूयकः,"नञ्-तत्पुरुषः,2.2",अन्-
,समर्थः,समर्थ,"capable,skillful",असूयकः,--,"विधेय_विशेषणम्,1.1",असूयक
,असि,हो,(you)are,(च),(च),"सम्बन्धः,2.2",च1
,ज्ञातुम्,जानने के लिए,to know,(अस्ति),(अस्ति),"अभिहित_कर्ता,1.1",है
,एवं-विधम्,उक्त गुणों से युक्त,having such good qualities,.,.,-,-
,,,,कस्य,कस्य,"सम्बन्धः,3.1",किसके
,नरम्,मानव को,to man,बिभ्यति,बिभ्यति,-,डरते_हैं
,5,5,5,देवाः,देवाः,"कर्ता,2.1",देव
7.1.A,श्रुत्वा,सुनकर,after hearing,च,च,"सम्बन्धः,3.1",च1
,च,भी,too,जात-,जात-रोषस्य,"बहुव्रीहिः,5.2",
,एतत्,इसे,which was told earlier,रोषस्य,--,"षष्ठीसम्बन्धः,6.1",क्रोध_के
,त्रिलोकज्ञः,तीना लोकों के ज्ञाता,knower of three worlds,संयुगे,संयुगे,"अधिकरणम्,2.1",संयोजन_में
,वाल्मीकेः,रामायण के लेखक वाल्मीकि से,"to Valmiki,the auther of Ramayana",.,.,-,-
,नारदः,देवर्षि नारद,divine sage Narada,एतत्,एतद्,"कर्म,4.1",यह
,वचः,पहले कही गयी वाणी को,speech,इच्छामि,इच्छामि,"अभिहित_कर्ता,3.1;सकर्मक",इच्छा_करता_हूँ
7.2.A,श्रूयताम्,सुनिए,please hear,अहम्,अहं,"कर्ता,2.1",मैं
,इति,ऐसा,इति,श्रोतुम्,श्रोतुं,"कर्म,2.1",सुनने~की
,च,भी,too,.,.,-,-
,आ-मन्त्र्य,आह्वान करके,by drawing attention,परम्,परं,"विशेषणम्,2.1",पर
,,,,कौतूहलम्,कौतूहलं,"कर्ता,5.1",जिज्ञासा
,प्र-हृष्टः,प्रसन्न (होते हुए),being delighted,हि,हि,"कारण_द्योतकः,5.1",हि
,,,,मे,मे,"प्रयोजनम्,5.1",मेरे_लिये
,वाक्यम्,वचन,statement,(अस्ति),(अस्ति),"अभिहित_कर्ता,2.1",है
,अब्रवीत्,कहा,spoke out,.,.,-,-
,6,6,6,महर्षे,महर्षे,"सम्बोध्यः,4.1",महर्षि
8.1.A,बहवः,बहवः,manifold,त्वम्,त्वं,"कर्ता,4.1",तुम
,दुर्लभाः,दु:ख से प्राप्त करने योग्य,rare,समर्थः,समर्थः,"विधेय_विशेषणम्,2.1",समर्थ
,च,भी,too,असि,असि,"अभिहित_कर्ता,2.1;सकर्मक",हो
,एव,एव,एव,ज्ञातुम्,ज्ञातुम्,"प्रयोजनम्,3.1",जानने~के_लिये
,ये,ये,those,एवम्-,एवं-विधं,"षष्ठी-बहुव्रीहिः,6.2",एवं-
,त्वया,आपके द्वारा,by you,विधम्,--,"विशेषणम्,7.1",प्रकार
,कीर्तिताः,कीर्तिताः,that have been described,नरम्,नरम्,"कर्म,5.1",मनुष्य_को
,गुणाः,आदर्श गुण,virtues,.,.,-,-
8.2.A,मुने,हे महर्षि वाल्मीकि,O sage Valmiki,श्रुत्वा,श्रुत्वा,"पूर्वकालः,14.1",सुन_कर
,वक्ष्यामि,कहूँगा,shall tell,च,च,"सम्बन्धः,1.1",च1
,अहम्,मैं,I,एतत्,एतत्,"विशेषणम्,7.1",यह
,बुद्ध्वा,समझकर,having considered,त्रि-,त्रि-लोकज्ञः,"द्विगुः,4.2",त्रि-
,तैः,उन (उक्त गुणों) से,with the said virtues,लोक,--,"उपपद-तत्पुरुषः,4.3",लोक-
,युक्तः,सम्पन्न,associated,ज्ञः,--,"विशेषणम्,6.1",लोकज्ञ
,श्रूयताम्,सुनिए,please hear,वाल्मीकेः,वाल्मीकेः,"षष्ठीसम्बन्धः,7.1",वाल्मीकि_का
,नरः,मानव,man,नारदः,नारदः,"कर्ता,14.1;कर्ता,11.1;कर्ता,1.1",नारद_ने
,7,7,7,वचः,वचः,"कर्म,1.1",वचन
9.1.A,इक्ष्वाकुवंश-प्रभवः,इक्ष्वाकुवंश में उत्पन्न,born in Ikshvaku dynasty,श्रूयताम्,श्रूयताम्,"वाक्यकर्म,11.1",सुने
,,,,इति,इति,"वाक्यकर्म_द्योतकः,8.1",ऐसा
,रामः-नाम,राम नाम से प्रसिद्ध,by the name 'Rama',च,च,"सम्बन्धः,9.1",च1
,,,,आमन्त्र्य,आमन्त्र्य,"पूर्वकालः,14.1",आमन्त्रित_करके
,जनैः,साधारण जनों के द्वारा,by common men,प्रहृष्टः,प्रहृष्टः,"विशेषणम्,6.1",प्रसन्न
,श्रुतः,विज्ञात,known,वाक्यम्,वाक्यम्,"कर्म,14.1",वाक्य_को
9.2.A,नियतात्मा,स्वाधीन अन्त:करण वाला,self controlled,अब्रवीत्,अब्रवीत्,"अभिहित_कर्ता,6.1;सकर्मक",कहा
,महा-वीर्यः,अत्यधिक सामर्थ्यशाली,very powerful,.,.,-,-
,,,,बहवः,बहवः,"समुच्चितः,2.1",बहुत
,द्युतिमान्,कान्तियुक्त,radiant,दुर्लभाः,दुर्लभाः,,दुर्लभ
,धृतिमान्,धैर्यशाली,resolute,च,च,"समुच्चय_द्योतकः,2.1",च2
,वशी,जितेन्द्रिय,one who has conquired over sense organs,एव,एव,"सम्बन्धः,3.1",ही
,8,8,8,.,.,-,-
10.1.A,बुद्धिमान्,प्रशस्त बुद्धि युक्त,intelligent,त्वया,--,"कर्ता,3.1",तुमसे
,नीतिमान्,नीति के ज्ञाता,sagacious,कीर्तिताः,--,-,प्रसद्धि_किया_हुआ
,वाग्ग्मी,अच्छा वक्ता,eloquent,गुणाः,--,"कर्म,3.1",गुण
,श्रीमान्,शोभा से युक्त,glorious,.,-,-,-
,शत्रु-निबर्हणः,शत्रु का नाश करने वाला,exterminator of foes,मुने,मुने,"सम्बोध्यः,2.1",मुनि
,,,,वक्ष्यामि,वक्ष्यामि,"अभिहित_कर्ता,3.1;सकर्मक",बोलूँगा
10.2.A,विपुलांसः,उन्नत स्कन्धा वाला,distinguished with broad shoulder,अहम्,अहं,"कर्ता,2.1;कर्ता,4.1",मैं
,महा-बाहुः,विशाल बाँहा वाला,having powerful arms,बुद्ध्वा,--,"पूर्वकालः,2.1",जान_कर
,,,,तैः,--,"सहार्थः,6.1",उनसे
,कम्बु-ग्रीवः,शंख सदृश ग्रीवा वाला,having a neck shaped as a conch,युक्तः,--,"विधेय_विशेषणम्,8.1",युक्त
,,,,नरः,--,"सम्बोध्यः,6.1",मनुष्य
,महा-हनुः,पुष्ट ठुड्डी वाला,having stout chin,(कः),--,"कर्ता,9.1",कौन
,,,,(अस्ति),--,"वाक्यकर्म,2.1",है
,9,9,9,(इति),--,"वाक्यकर्म_द्योतकः,9.1",ऐसा
11.1.A,महोरस्कः,विशाल छाती वाला,महोरस्कः,.,-,-,-
,महेष्वासः,विशाल धनुषा वाला,holding mighty bow,(भवान्),(भवान्),"कर्म,2.1",आप
,गूढ-जत्रुः,अप्रकाशित हँसुली (स्कन्ध की हड्डी) वाला,whose collar bone covered with flesh,श्रूयतां,श्रूयतां,"अभिहित_कर्म,1.1;सकर्मक",सुने
,,,,.,.,-,-
,अरिन्दमः,शत्रुओं का दमन करने वाला,capable of subduing his foes,इक्ष्वाकु-,इक्ष्वाकु-वंश-प्रभवः,"षष्ठी_तत्पुरुषः,1.2",इक्ष्वाकु-
11.2.A,आ-जानु-बाहुः,घुटने तक लम्बी भुजाओं वाला,whose arms extended right upto his knees,वंश-,--,"षष्ठी-बहुव्रीहिः,1.3",वंश-
,,,,प्रभवः,--,"कर्म,5.1",मूल
,,,,रामः,रामः,"सञ्ज्ञा,1.3",राम
,सु-शिराः,सुन्दर शिर वाला,having well formed head,नाम,नाम,"सञ्ज्ञा_द्योतकः,2.1",नाम_1
,,,,जनैः,जनैः,"कर्ता,5.1",जनों_के_द्वारा
,सु-ललाटः,सुन्दर ललाट वाला,having shapely forehead,श्रुतः,श्रुतः,,सुना_हुआ
,,,,.,.,-,-
,सु-विक्रमः,सुन्दर गति से चलने वाला,possessed of charming gait,(सः),(सः),"कर्ता,5.1",वह
,,,,नियत-,नियत-आत्मा,"षष्ठी-बहुव्रीहिः,2.2",
,10,10,10,आत्मा,--,"समुच्चितः,3.2",आत्मा
12.1.A,समः,समुचित आकार वाला,possessed of medium stature,महा-,महा-वीर्यः,"षष्ठी-बहुव्रीहिः,3.2",महा-
,सम-विभक्ताङ्गः,सुगठित अंगों वाला,having well proportionised limbs,वीर्यः,--,"विधेय_विशेषणम्,1.1",वीर्य
,,,,(च),(च),"समुच्चय_द्योतकः,3.2",और
,स्निग्धवर्णः,आकर्षक,having unctuous complexion,(अस्ति),(अस्ति),"अभिहित_कर्ता,1.1",है
,प्रतापवान्,प्रभावी,mighty,.,.,-,-
12.2.A,पीन-वक्षाः,चौडी छाती वाला,having rounded chest,(सः),(सः),"कर्ता,6.1",वह
,,,,द्युतिमान्,द्युतिमान्,"समुच्चितः,4.1",द्युति_वाला
,विशालाक्षः,बडी-बडी आँखों वाला,having large eyes,धृतिमान्,धृतिमान्,"समुच्चितः,4.1",धृति_वाला
,लक्ष्मीवान्,शोभासम्पन्न,full of splendour,वशी,वशी,"विधेय_विशेषणम्,1.1",जिसने_वश_कर_लिया_है_वह
,शुभ-लक्षणः,शुभ लक्षणों से युक्त,associated with auspicious marks,(च),(च),"समुच्चय_द्योतकः,4.1",च2
,,,,(अस्ति),(अस्ति),"अभिहित_कर्ता,1.1",है
,11,11,11,.,.,-,-
,1.ASloka,1.FSloka,1.GSloka,(सः),(सः),"कर्ता,5.1",वह
2.1.A,धर्मज्ञः,धर्म के ज्ञाता,One who knows the secret of virtues,बुद्धिमान्,बुद्धिमान्,"समुच्चितः,3.1",बुद्धि_वाला
,सत्य-सन्धः,सत्यनिष्ठ,true to his promise,नीतिमान्,नीतिमान्,"विधेय_विशेषणम्,1.1",नीति_वाला
,,,,(च),(च),"समुच्चय_द्योतकः,3.1",च2
,च,और,and,(अस्ति),(अस्ति),"अभिहित_कर्ता,1.1",है
,प्रजानाम्,जनता के,of the people,.,.,-,-
,च,और,and,(सः),(सः),"कर्ता,5.1",वह
,हिते,कल्याण में,in the benefit,वाग्ग्मी,वाग्ग्मी,"समुच्चितः,3.1",वाग्ग्मिन्
,रतः,लगे रहने वाले,intent,श्रीमान्,श्रीमान्,"विधेय_विशेषणम्,1.1",श्री_वाला
2.2.A,यशस्वी,यशस्वी,illustrious,(च),(च),"समुच्चय_द्योतकः,3.1",च2
,ज्ञान-सम्पन्नः,ज्ञानवान्,full of wisdom,(अस्ति),(अस्ति),"अभिहित_कर्ता,2.1",है
,,,,.,.,-,-
,शुचिः,पवित्र आचरण वाले,pure in his dealing,(सः),(सः),"कर्ता,5.1",वह
,वश्यः,जितेन्द्रिय,self controlled,शत्रु-,शत्रु-निबर्हणः,"उपपद-तत्पुरुषः,2.2",शत्रु-
,समाधिमान्,योगी,having concentrated mind,निबर्हणः,--,"समुच्चितः,3.2",संभालना
,12,12,12,विपुल-,विपुल-अंशः,"षष्ठी-बहुव्रीहिः,3.2",विपुल-
3.1.A,प्रजा-पति-समः,ब्रह्मा के समान,like the creator Brahma,अंशः,--,"विधेय_विशेषणम्,1.1",अंश
,,,,(च),(च),"समुच्चय_द्योतकः,3.2",च2
,,,,(अस्ति),(अस्ति),"अभिहित_कर्ता,1.1",है
,श्रीमान्,दिव्य विभूति वाले,affluent,.,.,-,-
,धाता,लोक के व्यवस्थापक,supporter of the Creation,(सः),(सः),"कर्ता,6.1",वह
,रिपु-निषूदनः,शत्रुओं के विनाशक,slayer of his enemies,महा-,महा-बाहुः,"षष्ठी-बहुव्रीहिः,2.2",महा-
,,,,बाहुः,--,"समुच्चितः,4.2",भुजा
3.2.A,रक्षिता,रक्षक,vindicator,कम्बु-,कम्बु-ग्रीवः,"षष्ठी-बहुव्रीहिः,3.2",कम्बु-
,जीव-लोकस्य,संसार के,of living beings,ग्रीवः,--,"समुच्चितः,4.2",गर्दन
,,,,महा-,महा-हनुः,"षष्ठी-बहुव्रीहिः,4.2",महा-
,धर्मस्य,धर्म की,of faith,हनुः,--,"विधेय_विशेषणम्,1.1",ठोडी
,परि-रक्षिता,रक्षा करने वाले,staunch defender,(च),(च),"समुच्चय_द्योतकः,4.2",च2
,,,,(अस्ति),(अस्ति),"अभिहित_कर्ता,3.2",है
,13,13,13,.,.,-,-
4.1.A,रक्षिता,रक्षक,vindicator,(सः),(सः),"कर्ता,5.1",वह
,स्वस्य,अपने,of own,महा-,महा-उरस्कः,"षष्ठी-बहुव्रीहिः,2.2",महा-
,धर्मस्य,धर्म की,of faith,उरस्कः,--,"समुच्चितः,3.2",उरस्क
,स्व-जनस्य,अपने लोगों के,of own people,महा-,महा-ईष्वासः,"षष्ठी-बहुव्रीहिः,3.2",महा-
,,,,ईष्वासः,--,"विधेय_विशेषणम्,1.1",ईष्वास
,च,और,and,(च),(च),"समुच्चय_द्योतकः,3.2",च2
,रक्षिता,रक्षक,vindicator,(अस्ति),(अस्ति),"अभिहित_कर्ता,1.1",है
4.2.A,वेद-वेदाङ्ग-तत्व-ज्ञः,वेदों एवं वेदाङ्गों के रहस्य को जानने वाले,knower of the truth of Vedas and Vedangas,.,.,-,-
,,,,(सः),(सः),"कर्ता,5.1",वह
,,,,गूढ-,गूढ-जत्रुः,"षष्ठी-बहुव्रीहिः,2.2",
,,,,जत्रुः,--,"समुच्चितः,3.2",जत्रु
,धनुः-वेदे,धनुर्वेद में,in archery,अरिन्-,अरिन्-दमः,"उपपद-तत्पुरुषः,3.2",अरिन्-
,,,,दमः,--,"विधेय_विशेषणम्,1.1",आत्मनियंत्रण
,च,और,and,(च),(च),"समुच्चय_द्योतकः,3.2",और
,नि-ष्ठितः,पारङ्गत,pastmaster,(अस्ति),(अस्ति),"अभिहित_कर्ता,1.1",है
,,,,.,.,-,-
,14,14,14,(सः),(सः),"कर्ता,5.1",वह
5.1.A,सर्व-शास्त्रार्थ-तत्व-ज्ञः,शास्त्रों के मर्मज्ञ,knower of the real meaning of the scriptures,आजानु-,आजानु-बाहुः,"षष्ठी-बहुव्रीहिः,2.2",आजानु-
,,,,बाहुः,--,"समुच्चितः,3.2",भुजा
,,,,सु-,सु-शिराः,"बहुव्रीहिः,3.2",सु-
,,,,शिराः,--,"विधेय_विशेषणम्,1.1",शिरस्
,स्मृतिमान्,दृढ स्मृतिवाले,possessed of sharp memory,(च),(च),"समुच्चय_द्योतकः,3.2",च2
,प्रतिभानवान्,विलक्षणबुद्धिसम्पन्न,possessed of quick wit,(अस्ति),(अस्ति),"अभिहित_कर्ता,1.1",है
5.2.A,सर्व-लोक-प्रियः,सभी के प्रिय,popular amongst the people,.,.,-,-
,,,,(सः),(सः),"कर्ता,5.1",वह
,,,,सु-,सु-ललाटः,"बहुव्रीहिः,2.2",सु-
,साधुः,सज्जन,pious,ललाटः,--,"समुच्चितः,3.2",ललाट
,अदीनात्मा,अदीन स्वभाव वाले,high minded one,सु-,सु-विक्रमः,"बहुव्रीहिः,3.2",सु-
,वि-चक्षणः,विवेकयुक्त,clever,विक्रमः,--,"विधेय_विशेषणम्,1.1",विक्रम
,,,,(च),(च),"समुच्चय_द्योतकः,3.2",च2
,15,15,15,(अस्ति),(अस्ति),"अभिहित_कर्ता,1.1",है
6.1.A,सर्वदा,हमेशा,always,.,.,-,-
,अभिगतः,घिरा हुआ,persons sought,(सः),(सः),"कर्ता,5.1",वह
,सद्भिः,सज्जनों से,by righteous,समः,समः,"समुच्चितः,3.3",समान
,समुद्रः,समुद्र (की),ocean,सम-,सम-विभक्त-अङ्गः,"बहुपद-बहुव्रीहिः,3.2",सम-
,इव,के समान,like,विभक्त-,--,"बहुपद-बहुव्रीहिः,3.3",
,सिन्धुभिः,नदियों से,by rivers,अङ्गः,--,"विधेय_विशेषणम्,1.1",अङ्ग
6.2.A,आर्यः,पूज्य,noble,(च),(च),"समुच्चय_द्योतकः,3.3",और
,सर्व-समः,सर्व-समान,alike to all,(अस्ति),(अस्ति),"अभिहित_कर्ता,1.1",है
,,,,.,.,-,-
,च,और,and,(सः),(सः),"कर्ता,5.1",वह
,एव,भी,also,स्निग्ध-,स्निग्ध-वर्णः,"षष्ठी-बहुव्रीहिः,2.2",
,सदा,हमेशा,always,वर्णः,--,"समुच्चितः,3.1",वर्ण
,एव,भी,also,प्रतापवान्,प्रतापवान्,"विधेय_विशेषणम्,1.1",प्रताप_वाला
,प्रिय-दर्शनः,प्रिय दिखाई देनेवाले,possessed of pleasing appearance,(च),(च),"समुच्चय_द्योतकः,3.1",और
,,,,(अस्ति),(अस्ति),"अभिहित_कर्ता,1.1",है
,16,16,16,.,.,-,-
7.1.A,सः,वह,he,(सः),(सः),"कर्ता,6.1",वह
,च,और,and,पीन-,पीन-वक्षः,"षष्ठी-बहुव्रीहिः,2.2",पीन-
,सर्व-गुणोपेतः,सब गुणों से युक्त,endowed with all excellences,वक्षः,--,"समुच्चितः,4.3",छाती
,,,,विशाल-,विशाल-अक्षः,"षष्ठी-बहुव्रीहिः,3.2",विशाल-
,कौसल्यानन्द-वर्धनः,कौसल्या के आनन्द को बढाने वाला,enhances the delight of Kausalya,अक्षः,--,"समुच्चितः,4.3",धुरा
,,,,लक्ष्मीवान्,लक्ष्मीवान्,"समुच्चितः,4.3",लक्ष्मीवान्-
7.2.A,समुद्रः,समुद्र (की),ocean,शुभ-,शुभ-लक्षणः,"षष्ठी-बहुव्रीहिः,4.3",शुभ-
,इव,के समान,like,लक्षणः,--,"विधेय_विशेषणम्,1.1",लक्षण
,गाम्भीर्ये,गहराई में,in profoundity,(च),(च),"समुच्चय_द्योतकः,4.3",और
,धैर्येण,धैर्य से,in firmness,(अस्ति),(अस्ति),"अभिहित_कर्ता,1.1",है
,हिमवान्,हिमालय,Himalaya,.,.,-,-
,इव,के समान,like,(सः),(सः),"कर्ता,5.1",वह
,17,17,17,धर्मज्ञः,धर्मज्ञः,"समुच्चितः,3.2",धर्मज्ञ
8.1.A,विष्णुना,विष्णु के,Vishnu,सत्य-,सत्य-सन्धः,"षष्ठी-बहुव्रीहिः,3.2",सत्य-
,सदृशः,समान,like,सन्धः,--,"विधेय_विशेषणम्,1.1",मेल
,वीर्ये,पराक्रम में,in prowess,(च),(च),"समुच्चय_द्योतकः,3.2",च2
,सोमवत्,चन्द्र की तरह,like the moon,(अस्ति),(अस्ति),"अभिहित_कर्ता,1.1",है
,प्रिय-दर्शनः,प्रिय दिखाई देनेवाले,possessed of pleasing appearance,.,.,-,-
,,,,(सः),(सः),"कर्ता,6.1",वह
8.2.A,कालाग्नि-सदृशः,कालाग्नि-समान,resembling the destructive fire,प्रजानाम्,प्रजानां,"षष्ठीसम्बन्धः,4.1",प्रजा_के
,,,,च,च,"सम्बन्धः,2.1",च1
,क्रोधे,क्रोध में,in anger,हिते,हिते,"कर्म,5.1",हित
,क्षमया,क्षमा में,in forbearance,रतः,रतः,"विधेय_विशेषणम्,1.1",प्रसन्न
,पृथिवी-समः,पृथिवी के समान,counter part of earth,(अस्ति),(अस्ति),"अभिहित_कर्ता,1.1;सकर्मक",है
,,,,.,.,-,-
,18,18,18,(सः),(सः),"कर्ता,5.1",वह
9.1.A,धनदेन,कुबेर के,with Kubera (the god of wealth),यशस्वी,यशस्वी,"विशेषणम्,1.1",प्रसिद्ध
,समः,समान,just like,ज्ञान-,ज्ञान-सम्पन्नः,"तृतीया-तत्पुरुषः,3.2",ज्ञान-
,त्यागे,दान में,in liberality,सम्पन्नः,--,"विधेय_विशेषणम्,1.1",सम्पन्न
,सत्ये,सत्य में,in truthfulness,(च),(च),"सम्बन्धः,3.2",च1
,धर्मः,धर्मदेव,the god of piety,(अस्ति),(अस्ति),"अभिहित_कर्ता,1.1",है
,इव,के समान,like,.,.,-,-
,अपरः,दूसरा,another,(सः),(सः),"कर्ता,6.1",वह
9.2.A,तम्,राम को,aforesaid,शुचिः,शुचिः,"समुच्चितः,4.1",पवित्र
,एवं-गुण-सम्पन्नम्,पूर्व में कहे गए गुणों से सम्पन्न,endowed with the aforesaid qualities,वश्यः,वश्यः,"समुच्चितः,4.1",नियन्त्रणीय
,,,,समाधिमान्,समाधिमान्,"विधेय_विशेषणम्,1.1",समाधि
,,,,(च),(च),"समुच्चय_द्योतकः,4.1",च2
,रामम्,राम,by shri Rama,(अस्ति),(अस्ति),"अभिहित_कर्ता,1.1",है
,सत्य-परा-क्रमम्,अमोघ पराक्रम वाले,possessed of unfailing prowess,.,.,-,-
,,,,(सः),(सः),"कर्ता,5.1",वह
,,,,प्रजा-,प्रजा-पति-समः,"षष्ठी-तत्पुरुषः,2.2",प्रजा-
10.1.A,ज्येष्ठं,सबसे बडे,eldest,पति-,--,"तृतीया-तत्पुरुषः,2.3",पति-
,ज्येष्ठ-गुणैः,उत्तम गुणों से,with highest virtues,समः,--,"समुच्चितः,3.1",सम
,,,,श्रीमान्,श्रीमान्,"विधेय_विशेषणम्,1.1",श्री_मान्
,युक्तम्,लगे हुए,endowed,(च),(च),"समुच्चय_द्योतकः,3.1",च2
,प्रियम्,प्रिय,be loved,(अस्ति),(अस्ति),"अभिहित_कर्ता,1.1",है
,दशरथः,दशरथ,Dasharatha,.,.,-,-
,सुतम्,पुत्र को,son,(सः),(सः),"कर्ता,5.1",वह
10.2.A,प्रकृतीनां,प्रजा के,of the people,धाता,धाता,"समुच्चितः,3.2",विधाता
,हितैः,कल्याण में,to the interests,रिपु-,रिपु-निषूदनः,"उपपद-तत्पुरुषः,3.2",रिपु-
,युक्तम्,लगे हुए,endowed,निषूदनः,--,"विधेय_विशेषणम्,1.1",निषूदन
,प्रकृति-प्रिय-काम्यया,प्रजा कल्याण की इच्छा से,with intent to gratify the people,(च),(च),"समुच्चय_द्योतकः,3.2",च2
,,,,(अस्ति),(अस्ति),"अभिहित_कर्ता,1.1",है
,,,,.,.,-,-
11.1.A,यौवराज्येन,यौवराज्येन,office of regent,(सः),(सः),"कर्ता,7.1",वह
,संयोक्तुम्,आरूढ करने के लिए,to invest with office of regent,रक्षिता,रक्षिता,"समुच्चितः,5.1",चौकीदार
,ऐच्छत्,चाहा,sought,जीव-,जीव-लोकस्य,"षष्ठी-तत्पुरुषः,3.2",जीव-
,प्रीत्या,सहर्ष,lovingly,लोकस्य,--,"षष्ठीसम्बन्धः,2.1",लोक_का
,मही-पतिः,राजा,Emperor,धर्मस्य,धर्मस्य,"षष्ठीसम्बन्धः,5.1",धर्म_का
,,,,परिरक्षिता,परिरक्षिता,"विधेय_विशेषणम्,1.1",
11.2.A,तस्य,राम के,of Rama,(च),(च),"समुच्चय_द्योतकः,5.1",च2
,अभिषेक-सम्भारान्,अभिषेक प्रस्तुति को,preparations for coronation,(अस्ति),(अस्ति),"अभिहित_कर्ता,1.1",है
,,,,.,.,-,-
,दृष्ट्वा,देखकर,having witnessed,(सः),(सः),"कर्ता,8.1",वह
,भार्या,भार्या,spouse,रक्षिता,रक्षिता,"समुच्चितः,7.1",चौकीदार
,अथ,इसके पश्चात्,After that,स्वस्य,स्वस्य,"षष्ठीसम्बन्धः,4.1",अपना
,कैकयी,केकय नरेश की पुत्री,Kaikeyi,धर्मस्य,धर्मस्य,"षष्ठीसम्बन्धः,2.1",धर्म_के
,21,21,21,स्व-,स्व-जनस्य,"षष्ठी-तत्पुरुषः,5.2",अपना
12.1.A,पूर्वम्,पूर्व में,on a former occassion,जनस्य,जनस्य,"षष्ठीसम्बन्धः,7.1",लोग_के
,दत्त-वरा,वर को प्राप्त की हुई,having granted a boon,च,च,"समुच्चय_द्योतकः,7.1",च2
,,,,रक्षिता,रक्षिता,"विधेय_विशेषणम्,1.1",चौकीदार
,देवी,देवी,queen,(अस्ति),(अस्ति),"अभिहित_कर्ता,2.1",है
,वरम्,वर,boon,.,.,-,-
,एनम्,दशरथ से,him(to Dasharatha),(सः),(सः),"कर्ता,6.1",वह
,अयाचत,मांगा,asked,वेद-,वेद-वेदाङ्ग-तत्त्वज्ञः,"इतरेतर-द्वन्द्वः,2.3",वेद-
12.2.A,वि-वासनम्,निर्वासनम्,exile (of Rama),वेद-,--,"षष्ठी-तत्पुरुषः,2.3",वेद-
,,,,अङ्ग-,--,"षष्ठी-तत्पुरुषः,2.4",अङ्ग-
,च,और,and,तत्त्व-,--,"उपपद-तत्पुरुषः,2.5",दार्शन
,रामस्य,राम की,of Rama,ज्ञः,--,"विशेषणम्,1.1",ज्ञानी
,भरतस्य,भरत का,of Barawa,धनुर्वेदे,धनुर्वेदे,"अधिकरणम्,5.1",धनुर्वेद_में
,अभि-षेचनम्,राज्याभिषेकम्,installation(of Bharata),च,च,"सम्बन्धः,3.1",च1
,,,,निष्ठितः,निष्ठितः,"विधेय_विशेषणम्,1.1",नि_ष्था1या_हुआ
,22,22,22,(अस्ति),(अस्ति),"अभिहित_कर्ता,1.1",है
13.1.A,सः,वह,he,.,.,-,-
,सत्य-वचनात्,सत्य प्रतिज्ञ होने के कारण,due to his speaking the truth,(सः),(सः),"कर्ता,5.1",वह
,,,,सर्व-,सर्व-शास्त्र-अर्थ-तत्त्वज्ञः,"कर्मधारयः,2.2",सर्व-
,राजा,राजा,king,शास्त्र-,--,"षष्ठी-तत्पुरुषः,2.3",शास्त्र-
,धर्म-पाशेन,धर्म बन्धन से,by the tie of duty,अर्थ-,--,"षष्ठी-तत्पुरुषः,2.4",अर्थ-
,,,,तत्त्व,--,"उपपद-तत्पुरुषः,2.5",तत्त्व-
,संयतः,बँधा हुआ,bound,ज्ञः,--,"समुच्चितः,3.1",ज्ञानी
13.2.A,वि-वासयामास,निर्वासित किया,exiled,स्मृतिमान्,स्मृतिमान्,"विधेय_विशेषणम्,1.1",स्मृति_वाला
,,,,(च),(च),"समुच्चय_द्योतकः,3.1",च2
,सुतम्,पुत्र को,son,(अस्ति),(अस्ति),"अभिहित_कर्ता,1.1",है
,रामम्,राम,by shri Rama,.,.,-,-
,दशरथः,दशरथ,Dasharatha,(सः),(सः),"कर्ता,5.1",वह
,प्रियम्,प्रिय,be loved,प्रतिभानवान्,प्रतिभानवान्,"समुच्चितः,3.3",प्रतिभा_वाला
14.1.A,सः,वह,he,सर्व-,सर्व-लोक-प्रियः,"कर्मधारयः,3.2",सर्व-
,जगाम,गये,went,लोक-,--,"षष्ठी-बहुव्रीहिः,3.3",लोक-
,वनं,वन [को],to the forest,प्रियः,--,"विधेय_विशेषणम्,1.1",प्रिय
,वीरः,वीर,the hero (Rama),(च),(च),"समुच्चय_द्योतकः,3.3",च2
,प्रति-ज्ञाम्,प्रतिज्ञा का,the pledge,(अस्ति),(अस्ति),"अभिहित_कर्ता,1.1",है
,,,,.,.,-,-
,अनु-पालयन्,पालन करते हुए,in order to implement,(सः),(सः),"कर्ता,6.1",वह
,,,,साधुः,साधुः,"समुच्चितः,4.1",साधु
14.2.A,पितुः,पिता,his father's,अ-,अ-दीन-आत्मा,"नञ्-तत्पुरुषः,3.2",अ-
,वचन-निर्देशात्,की आज्ञा से,in obedience to command,दीन-,-,"षष्ठी-बहुव्रीहिः,3.3",दीन-
,,,,आत्मा,--,"समुच्चितः,4.1",आत्मा
,कैकेय्याः,कैकेयी की,Kaikeyi,विचक्षणः,विचक्षणः,"विधेय_विशेषणम्,1.1",स्पष्टदर्शी
,प्रिय-कारणात्,प्रसन्नता के कारण,with a view to please,(च),(च),"समुच्चय_द्योतकः,4.1",च2
,,,,(अस्ति),(अस्ति),"अभिहित_कर्ता,1.1",है
15.1.A,तम्,राम को,aforesaid,.,.,-,-
,व्रजन्तम्,जाते हुए,setting out,(सः),(सः),"कर्म,3.1",वह
,प्रियः,प्रिय,loving,सर्वदा,सर्वदा,"कालाधिकरणम्,3.1",हमेशा
,भ्राता,भाई,younger brother,अभिगतः,अभिगतः,,निकट_गया_हुआ
,लक्ष्मणः,लक्ष्मण,Lakshmana,सद्भिः,सद्भिः,"कर्ता,3.1",सज्जनों_से
,अनु-जगाम,अनुसरण किया,followed,समुद्रः,समुद्रः,"उपमानम्,1.1",समुद्र
,,,,इव,इव,"उपमान_द्योतकः,5.1",जैसे
,ह,ह,ह,सिन्धुभिः,सिन्धुभिः,"उपमानम्,4.1",सागर_से
15.2.A,स्नेहात्,स्नेह से,out of affection,.,.,-,-
,विनय-सम्पन्नः,विनम्र,adorned with modesty,(सः),(सः),"विशेषणम्,2.1",वह
,,,,आर्यः,आर्यः,"कर्ता,9.1",आर्य
,सुमित्रानन्द-वर्धनः,सुमित्रा की प्रीति को बढाने वाले,one who enhanced the delight of(his mother) Sumitra,सर्व-,सर्व-समः,"तृतीया_तत्पुरुषः,3.2",सर्व-
,,,,समः,--,"विधेय_विशेषणम्,2.1",सम
,25,25,25,च,च,"समुच्चय_द्योतकः,3.2",च1
16.1.A,भ्रातरम्,भाई को,brother,एव,एव,"सम्बन्धः,4.1",ही
,दयितः,प्रिय,favorite,सदा,सदा,"कालाधिकरणम्,9.1",हमेशा
,भ्रातुः,भाई के,of(his)brother,एव,एव,"सम्बन्धः,6.1",ही
,सौभ्रात्रम्,उत्तमभ्रातृत्व,his amicable brotherly relation,प्रिय-,प्रिय-दर्शनः,"षष्ठी-बहुव्रीहिः,8.2",प्रिय-
,अनु-दर्शयन्,प्रदर्शित करता हुआ,showing,दर्शनः,--,"समुच्चितः,3.2",दर्शन
,,,,(अस्ति),(अस्ति),"अभिहित_कर्ता,2.1",है
16.2.A,रामस्य,राम की,of Rama,.,.,-,-
,दयिता,प्रिया,the beloved,सः,सः,"कर्ता,6.1",वह
,भार्या,भार्या,spouse,च,च,"सम्बन्धः,1.1",और
,नित्यं,हमेशा,ever,सर्व-,सर्व-गुण-उपेतः,"कर्मधारयः,3.2",सर्व-
,प्राण-समा,प्राण-समा,dear(to him) as life,गुण-,--,"तृतीया-तत्पुरुषः,3.3",गुण-
,,,,उपेतः,--,"विधेय_विशेषणम्,1.1",उपेत
,हिता,हित करने वाली,friendly,कौसल्या-,कौसल्या-आनन्द-वर्धनः,"षष्ठी-तत्पुरुषः,4.2",कौसल्या-
,26,26,26,आनन्द-,--,"षष्ठी-तत्पुरुषः,4.3",आनन्द-
17.1.A,जनकस्य,मिथिला नरेश के,Janaka's,वर्धनः,--,"विधेय_विशेषणम्,1.1",वर्धन
,कुले,वंश में,in family,(च),(च),"सम्बन्धः,4.3",और
,जाता,उत्पन्न,born,(अस्ति),(अस्ति),"अभिहित_कर्ता,1.1",है
,देव-माया,मोहिनी,like lord's wonderful poetency,.,.,-,-
,,,,(सः),(सः),"कर्ता,5.1",वह
,इव,के समान,like,समुद्रः,समुद्रः,"उपमानम्,1.1",समुद्र
,निर्मिता,निर्मिता,manifested,इव,इव,"उपमान_द्योतकः,2.1",जैसे
17.2.A,सर्व-लक्षण-सम्पन्ना,सभी उत्तम स्त्री के लक्षण से युक्त,endowed with all auspicious marks,गाम्भीर्ये,गाम्भीर्ये,"अधिकरणम्,5.1",गहराई_में
,,,,(अस्ति),(अस्ति,"अभिहित_कर्ता,1.1",है
,,,,.,.,-,-
,नारीणाम्,स्त्रियों में,amongst the women,(सः),(सः),"कर्ता,5.1",वह
,उत्तमा,श्रेष्ठ,best,धैर्येण,--,"?,5.1",धैर्य_से
,वधूः,वधू,the daughter-in-law,हिमवान्,--,"उपमानम्,1.1",हिम
,27,27,27,इव,--,"उपमान_द्योतकः,3.1",जैसे
18.1.A,सीता,सीता,sita,(अस्ति),--,"अभिहित_कर्ता,1.1",है
,अपि,भी,also,.,-,-,-
,अनु-गता,के पीछे गई,accompanied,(सः),(सः),"कर्ता,5.1",वह
,,,,विष्णुना,विष्णुना,"तुलना_बिन्दुः,3.1",विष्णु_का
,रामम्,राम,by shri Rama,सदृशः,सदृशः,"विधेय_विशेषणम्,1.1",समान
,शशिनम्,चन्द्र,moon,वीर्ये,वीर्ये,"अधिकरणम्,5.1",शूरवीरते_में
,रोहिणी,चन्द्रमा की पत्नी रोहिणी,Rohini(wife of the moon),(अस्ति),(अस्ति),"अभिहित_कर्ता,1.1",है
,यथा,के जैसे,like,.,.,-,-
18.2.A,पौरैः,पुरवासियों के द्वारा,by the citizens(of Ayodhya),(सः),(सः),"कर्ता,5.1",वह
,अनुगतः,अनुसरण किया गया,followed,सोमवत्,सोमवत्,"उपमान,1.1",सोम_पुं
,दूरम्,दूर तक,a far,प्रिय-,प्रिय-दर्शनः,"षष्ठी-बहुव्रीहिः,3.2",प्रिय-
,पित्रा,पिता,by father,दर्शनः,--,"विधेय_विशेषणम्,1.1",दर्शन
,दशरथेन,दशरथ के द्वारा,by Dasharatha,(च),(च),"समुच्चय_द्योतकः,3.2",च2
,च,और,and,(अस्ति),(अस्ति),"अभिहित_कर्ता,1.1",है
,28,28,28,.,.,-,-
19.1.A,शृङ्गवेर-पुरे,शृङ्गवेरपुर में,at shringaverapura,(सः),(सः),"कर्ता,4.1",वह
,,,,कालाग्नि-,कालाग्नि-सदृशः,"कर्मधारयः,2.2",कालाग्नि-
,सूतं,सूतं,to the Charioteer,सदृशः,--,"विधेय_विशेषणम्,1.1",समान
,गङ्गा-कूले,गङ्गा के तीर पर,on the bank of Ganga,क्रोधे,क्रोधे,"अधिकरणम्,4.1",क्रोध_में
,,,,(अस्ति),(अस्ति),"अभिहित_कर्ता,1.1",है
,व्यसर्जयत्,लौटा दिया,sent away,.,.,-,-
19.2.A,गुहम्,गुह को,to Guha,(सः),(सः),"कर्ता,4.1",वह
,आसाद्य,प्राप्त कर,having met,क्षमया,क्षमया,"हेतुः,4.1",क्षमा_का
,धर्मात्मा,पुण्यात्मा (राम ने),virtue-incarnate,पृथिवी-,पृथिवी-समः,"तृतीया-तत्पुरुषः,3.2",पृथिवी-
,निषादाधिपतिं,निषदों के राजा,the chief of Nishadas,समः,--,"विधेय_विशेषणम्,1.1",समान
,प्रियम्,प्रिय,be loved,(अस्ति),(अस्ति),"अभिहित_कर्ता,1.1",है
,29,29,29,.,.,-,-
20.1.A,गुहेन,गुह,Guha by name,(सः),(सः),"कर्ता,5.1",वह
,सहितः,के साथ,accompanied,धनदेन,धनदेन,"तुलना_बिन्दुः,3.1",धनद_का
,रामः,राम,shri Rama,समः,समः,"विधेय_विशेषणम्,1.1",सम
,लक्ष्मणेन,लक्ष्मण,Lakshmana,त्यागे,त्यागे,"अधिकरणम्,5.1",त्याग_में
,च,और,and,(अस्ति),(अस्ति),"अभिहित_कर्ता,1.1",है
,सीतया,सीता,by Sita,.,.,-,-
20.2.A,ते,वे,they,(सः),(सः),"कर्ता,6.1",वह
,वनेन,वन से,from forest,सत्ये,सत्ये,"अधिकरणम्,6.1",सत्य_में
,वनम्,वन [को],to forest,धर्मः,धर्मः,"उपमानम्,1.1",धर्म
,गत्वा,जाकर,having gone,इव,इव,"उपमान_द्योतकः,3.1",जैसे
,नदीः,नदियों को,rivers,अपरः,अपरः,"विधेय_विशेषणम्,1.1",दूसरा
,तीर्त्वा,पार कर,having crossed,(अस्ति),(अस्ति),"अभिहित_कर्ता,1.1",है
,बहूदकाः,गहरी,containing deep water,.,.,-,-
,30,30,30,मही-,मही-पतिः,"षष्ठी-तत्पुरुषः,1.2",मही-
21.1.A,चित्रकूटम्,चित्रकूटनामक पर्वत को,Citrakuta (mountain),पतिः,--,"विशेषणम्,2.1",पति
,अनु-प्राप्य,प्राप्तकर,having reached,दशरथः,दशरथः,"कर्ता,20.1",दशरथ_ने
,,,,तम्,तम्,"विशेषणम्,13.1",उसको
,भरद्वाजस्य,भरद्वाज नामक ऋषि की,of the Bharadvaja,एवम्-,एवं-गुण-सम्पन्नं,"कर्मधारयः,4.2",एवं-
,शासनात्,आज्ञा से,according to the instruction,गुण-,--,"तृतीया-तत्पुरुषः,4.3",गुण-
21.2.A,रम्यम्,मनोहर,lovely,सम्पन्नम्,--,"विशेषणम्,15.1",सम्पन्न
,आवसथं,पर्णशाला को,cottage,सत्य-,--,"षष्ठी-बहुव्रीहिः,5.2",सत्य-
,कृत्वा,(करके) निर्माण करके,having built,पराक्रमम्,--,"विशेषणम्,15.1",पराक्रम_को
,रममाणाः,विहार करते हुए,sporting,ज्येष्ठ-,--,"कर्मधारयः,6.2",ज्येष्ठ-
,वने,वन में,in the forest,गुणैः,--,"सहार्थः,7.1",गुणों_से
,त्रयः,तीनों{राम लक्ष्मण सीता} ने,three (Rama Lakshmana and Sita),युक्तम्,--,"विशेषणम्,15.1",युक्त
,31,31,31,प्रकृतीनां,--,"षष्ठीसम्बन्धः,9.1",प्रकृति_के
22.1.A,देव-गन्धर्व-सङ्काशाः,देवता और गन्धर्व के समान,like Gods and Gandharvas,हितैः,--,"सहार्थः,10.1",हितों_से
,,,,युक्तम्,--,"विशेषणम्,15.1",युक्त
,,,,प्रियम्,--,"विशेषणम्,13.1",प्रिय_को
,तत्र,वहाँ,there,ज्येष्ठम्,--,"विशेषणम्,13.1",ज्येष्ठ_को
,ते,वे,they,सुतम्,--,"अभेदः,15.1",पुत्र_को
,न्यवसन्,निवास किया,sojourned,च,--,"सम्बन्धः,13.1",और
,सुखम्,सुखपूर्वक,happily,रामम्,--,"कर्म,19.1",राम_को
,1.ASloka,1.FSloka,1.GSloka,प्रकृति-,--,"षष्ठी-तत्पुरुषः,16.2",प्रकृति-
2.1.A,चित्रकूटम्,चित्रकूट,to Citrakuta,प्रिय-,--,"उपपद-तत्पुरुषः,16.3",प्रिय-
,गते,चले जाने पर,having proceeded,काम्यया,--,"हेतुः,19.1",कामना_से
,रामे,राम (के),shri Rama,प्रीत्या,--,"हेतुः,19.1",प्रसन्नता_से
,पुत्र-शोकातुरः,पुत्र शोक से व्याकुल,stricken with grief at the separation of his son,यौवराज्येन,--,"सहार्थः,19.1",युवराज_का_पद_या_अधिकार_से
,,,,संयोक्तुम्,--,"इष्कर्म,20.1",लगाने~के_लिये
,तथा,तथा,then,ऐच्छत्,--,"अभिहित_कर्ता,2.1;सकर्मक",इच्छा_की
,32,32,32,.,-,-,-
3.1.A,राजा,राजा,the ruler(King),तस्य,तस्य,"षष्ठीसम्बन्धः,4.1",उसकी
,दशरथः,दशरथ,Dasharatha,अभिषेक-,अभिषेक-सम्भारान्,"षष्ठी-तत्पुरुषः,2.2",अभिषेक-
,स्वर्गम्,स्वर्ग,to heaven,सम्भारान्,--,"कर्म,3.1",संग्रह
,जगाम,गया,proceeded,दृष्ट्वा,दृष्ट्वा,"पूर्वकालः,12.1",देख_कर
,वि-लपन्,रोते हुए,bewailing,भार्या,भार्या,"विशेषणम्,6.1",पत्नी
,,,,अथ,अथ,"सम्बन्धः,12.1",ऐसा
,सुतम्,सुतम्,son (Rama),कैकयी,कैकयी,"कर्ता,12.1;कर्ता,3.1",कैकयी_ने
,गते,चले जाने पर,having proceeded,पूर्वम्,पूर्वं,"कालाधिकरणम्,8.1",पूर्व_को
,तु,किन्तु,but,दत्त-,दत्त-वरा,"चतुर्थी-बहुव्रीहिः,8.2",
,तस्मिन्,उस (राजा दशरथ) के,तस्मिन्,वरा,--,"विशेषणम्,6.1",त्रिफला
,भरतः,भरत,Bharata,देवी,देवी,"विशेषणम्,6.1",देवी
,वसिष्ठ-प्रमुखैः,वसिष्ठ की प्रधानता वाले,headed by the sage Vasishtha etc.,वरम्,वरम्,"कर्म,12.1",श्रेष्ठ_की
,,,,एनम्,एनम्,"विशेषणम्,10.1",इसकी
,द्विजैः,ब्राह्मणों के द्वारा,by the Brahmanas,अयाचत,अयाचत,सकर्मक,याचना_की
,33,33,33,.,.,-,-
4.1.A,नि-युज्यमानः,नियुक्त किया जाता हुआ,being urged,विवासनम्,विवासनं,,देश_निर्वासन_को
,,,,च,च,"समुच्चय_द्योतकः,1.1",च2
,राज्याय,राज्य के लिए,to rule over the kingdom,रामस्य,रामस्य,"षष्ठीसम्बन्धः,1.1",राम_के
,न,न,(did)not,भरतस्य,भरतस्य,"षष्ठीसम्बन्धः,5.1",भरत_के
,ऐच्छत्,चाहा,hanker,अभिषेचनम्,अभिषेचनम्,"समुच्चितः,1.1",अभिषेचन_को
,राज्यम्,राज्य,for the kingdom,.,.,-,-
,महा-बलः,महान् बली,very powerful,सः,सः,"विशेषणम्,9.1",वह
,,,,सत्य-,सत्य-वचनात्,"कर्मधारयः,2.2",सत्य-
,सः,वह (भरत),he(Bharata),वचनाद्,--,"हेतुः,5.1",वचन_से
,जगाम,गया,proceeded,राजा,राजा,"विशेषणम्,9.1",राजा
,वनम्,वन,forest,धर्म-,धर्म-पाशेन,"कर्मधारयः,4.2",धर्म-
,वीरः,वीर,the hero,पाशेन,--,"हेतुः,5.1",पाश_से
,राम-पाद-प्रसादकः,राम चरण को प्रसन्न करने के लिए,in order to please the venerable Rama,संयतः,संयतः,"विशेषणम्,9.1",रोका_हुआ
,,,,विवासयामास,विवासयामास,"अभिहित_कर्ता,9.1;सकर्मक",वि_वस्1या
,,,,सुतम्,सुतं,"अभेदः,8.1",पुत्र
,34,34,34,रामम्,रामं,"कर्म,6.1",राम_को
5.1.A,गत्वा,जा कर,having approached,दशरथः,दशरथः,"कर्ता,6.1",दशरथ_ने
,तु,किन्तु,but,प्रियम्,प्रियम्,"विशेषणम्,7.1",प्रिय
,सः,वह (भरत),he(Bharata),.,.,-,-
,महात्मानम्,महात्मा,high souled,सः,सः,"विशेषणम्,4.1",वह
,रामम्,राम (से),to Rama,जगाम,जगाम,"अभिहित_कर्ता,4.1;सकर्मक",गयी
,सत्य-पराक्रमम्,सत्य पराक्रम वाले,having unfailing prowess,वनम्,वनं,"कर्म,2.1",वन_को
,,,,वीरः,वीरः,"कर्ता,2.1",वीर
,अयाचत्,माँगा,implored,प्रतिज्ञाम्,प्रतिज्ञाम्,"कर्म,6.1",प्रतिज्ञा
,भ्रातरम्,भ्राता,brother,अनुपालयन्,अनुपालयन्,"वर्तमानसमानकालः,2.1",अनु_पाल्1ता_हुआ
,रामम्,राम (से),to Rama,पितुः,पितुः,"षष्ठीसम्बन्धः,8.1",पिता_के
,आर्य-भाव-पुरस्कृतः,उच्चगुण सम्पन्न,rich in noble sentiment,वचन-,वचन-निर्देशात्,"षष्ठी-तत्पुरुषः,8.2",वचन-
,,,,निर्देशात्,--,"हेतुः,2.1",निर्देश_से
,,,,कैकेय्याः,कैकेय्याः,"षष्ठीसम्बन्धः,10.2",कैकेयी_के
,35,35,35,प्रिय-,प्रिय-कारणात्,"कर्मधारयः,10.2",प्रिय-
6.1.A,त्वम्,तुम,you,कारणात्,--,"हेतुः,2.1",कारण_से
,एव,ही,alone,.,-,-,-
,राजा,राजा,the ruler(King),तम्,तं,"विशेषणम्,11.1",वह
,धर्म-ज्ञः,धर्म के ज्ञाता,knower of right deed,व्रजन्तम्,व्रजन्तं,"विशेषणम्,11.1",घूमने
,,,,प्रियः,प्रियः,"विशेषणम्,4.1",प्रिय
,इति,ऐसा,thus,भ्राता,भ्राता,"अभेदः,5.1",भाई
,रामम्,राम (से),to Rama,लक्ष्मणः,लक्ष्मणः,"कर्ता,6.2",लक्ष्मण
,वचः,वचन,(following)words,अनुजगाम,--,"अभिहित_कर्ता,5.1;सकर्मक",पीछे_गया
,अब्रवीत्,कहा,spoke out,ह,ह,"सम्बन्धः,6.2",
,रामः,राम,Rama (the son of Dasharatha),स्नेहात्,स्नेहात्,"हेतुः,6.2",स्नेह_से
,अपि,भी,too,विनय-,विनय-सम्पन्नः,"तृतीया-तत्पुरुषः,9.2",विनय-
,परमोदारः,परम उदार,supreme magnanimous,सम्पन्नः,--,"विशेषणम्,5.1",सम्पन्न
,सु-मुखः,सुन्दर मुख वाला,wearing a gracious aspect,सुमित्रा-,सुमित्रानन्द-वर्धनः,"षष्ठी-तत्पुरुषः,10.2",सुमित्रा-
,,,,आनन्द-,--,"षष्ठी-तत्पुरुषः,10.3",आनन्द-
,सु-महा-यशाः,सुविख्यात,enjoying a great renown,वर्धनः,--,"विशेषणम्,5.1",वर्धन
,,,,भ्रातरम्,भ्रातरं,"कर्म,6.2",भाई_को
,,,,दयितः,दयितः,"विशेषणम्,5.1",दयित
,36,36,36,भ्रातुः,भ्रातुः,"षष्ठीसम्बन्धः,12.1",भाई_का
7.1.A,न,न,(did)not,सौभ्रात्रम्,सौभ्रात्रम्,"कर्म,15.1",सौभ्रात्र_को
,च,भी,च,अनुदर्शयन्,अनुदर्शयन्,"वर्तमानसमानकालः,6.2",देखता_हुआ
,ऐच्छत्,चाहा,hanker,.,.,-,-
,पितुः,पिता के,father's,रामस्य,रामस्य,"षष्ठीसम्बन्धः,3.1",राम_की
,आदेशात्,आदेश से,decree,दयिता,दयिता,"विशेषणम्,3.1",पत्नी
,राज्यम्,राज्य,for the kingdom,भार्या,भार्या,"कर्ता,8.1",पत्नी
,रामः,राम,Rama (the son of Dasharatha),नित्यम्,नित्यं,"क्रियाविशेषणम्,8.1",नित्य
,महा-बलः,महान् बली,very powerful,प्राण-,प्राण-समा,"तृतीया-तत्पुरुषः,5.2",प्राण-
,,,,समा,--,"समुच्चितः,7.1",समा
,पादुके,पादुका,pair of wooden sandals,(च),(च),"समुच्चय_द्योतकः,5.2",च2
,च,भी,too,हिता,हिता,"विधेय_विशेषणम्,3.1",उपयोगी
,अस्य,अस्य,his,(अस्ति),अस्ति,"अभिहित_कर्ता,7.1",है
,राज्याय,राज्य के लिए,to rule over the kingdom,.,.,-,-
,न्यासम्,धरोहर,(as his)representative,जनकस्य,जनकस्य,"षष्ठीसम्बन्धः,2.1",जनक_के
,दत्वा,देकर,handing over,कुले,कुले,"अधिकरणम्,3.1",कुल_में
,पुनः,पुनः,repeatedly,जाता,जाता,"विशेषणम्,4.1",उत्पन्न_की_हुई
,पुनः,पुनः,repeatedly,सा,सा,"कर्ता,8.1",वह
,37,37,37,देव-,देव-माया,"षष्ठी-तत्पुरुषः,5.2",देव-
8.1.A,नि-वर्तयामास,लौटाया,persuaded (him) to return,माया,--,"उपमानम्,4.1",माया
,,,,इव,इव,"उपमान_द्योतकः,5.2",जैसे
,ततः,ततः,from there,निर्मिता,निर्मिता,"विधेय_विशेषणम्,5.2",निर्मित
,भरतं,भरत को,Bharata,अस्ति,अस्ति,"अभिहित_कर्ता,4.1",है
,भरताग्रजः,भरत के अग्रज,the elder brother of Bharata,.,.,-,-
,सः,वह (भरत),he(Bharata),(सा),(सा),"विशेषणम्,4.1",वह
,कामम्,मनोरथ को,(his)ambition,सर्व-,सर्व-लक्षण-सम्पन्ना,"कर्मधारयः,2.2",सर्व-
,अनवाप्य,न प्राप्त कर,without realizing,लक्षण-,--,"तृतीया-तत्पुरुषः,2.3",
,एव,ही,alone,सम्पन्ना,--,"विशेषणम्,4.1",सम्पन्न
,राम-पादौ,राम के चरण को,the feet (of shri Rama),नारीणाम्,--,"निर्धारणम्,4.1",नारियों_की
,,,,उत्तमा,--,"कर्ता,6.1",अच्छी
,उप-स्पृशन्,नमस्कार करते हुऐ,by touching,वधूः,--,"विधेय_विशेषणम्,4.1",बहू
,,,,(अस्ति),--,"अभिहित_कर्ता,4.1",है
,38,38,38,.,-,-,-
9.1.A,नन्दि-ग्रामे,नन्दिग्राम नामक स्थान में,at Nandigrama,सीता,सीता,"कर्ता,3.1",सीता
,,,,अपि,अपि,"सम्बन्धः,1.1",भी
,अकरोत्,किया,did,अनुगता,अनुगता,,अनुसरण_किया_हुआ
,राज्यम्,राज्य,for the kingdom,रामम्,रामं,"कर्म,3.1",राम_का
,राम-गमन-काङ्क्षया,राम के आने की अभिलाषा से,longing for the return of shri Rama,शशिनम्,शशिनं,"उपमानम्,4.1",चाँद_को
,,,,रोहिणी,रोहिणी,"उपमानम्,1.1",रोहिणी
,,,,यथा,यथा,"उपमान_द्योतकः,6.1",जैसे
,गते,चले जाने पर,having proceeded,.,.,-,-
,तु,किन्तु,but,पौरैः,पौरैः,"समुच्चितः,3.1",पौरों_से
,भरते,भरत,Bharata,पित्रा,पित्रा,"अभेदः,3.1",पिता_से
,श्रीमान्,श्रीसम्पन्न,the glorious,दशरथेन,दशरथेन,"हेतुः,6.1",दशरथ_से
,सत्य-सन्धः,सत्यप्रतिज्ञ,of unfailing vow,च,च,"समुच्चय_द्योतकः,3.1",च2
,,,,दूरम्,दूरं,"कर्म,6.1",दूर
,जितेन्द्रियः,जितेन्द्रिय,conquerer of sense organs,अनुगतः,अनुगतः,"विशेषणम्,7.2",पीछे_चलने_वाला
,39,39,39,धर्म-,धर्म-आत्मा,"बहुव्रीहिः,7.2",धर्म-
10.1.A,रामः,राम,Rama (the son of Dasharatha),आत्मा,--,"कर्ता,15.1;कर्ता,12.1",आत्मा
,तु,किन्तु,but,शृङ्गवेर-,--,"कर्मधारयः,8.2",शृङ्गवेर-
,पुनः,पुनः,the renewed,पुरे,--,"अधिकरणम्,12.1",नगर_का
,आ-लक्ष्य,विचार कर,anticipating,निषाद-,--,"षष्ठी-तत्पुरुषः,9.2",
,,,,अधिपतिम्,--,"विशेषणम्,11.1",अधिपति
,नागरस्य,नगरनिवासी,living in the city,प्रियम्,--,"विशेषणम्,11.1",प्रिय
,जनस्य,लोगों के,of the people,गुहम्,--,"कर्म,12.1",गुह_को
,च,भी,too,आसाद्य,--,"पूर्वकालः,15.1",
,तत्र,चित्रकूट पर्वत पर,in Citrakuta-mountain,सूतं,--,"कर्म,15.1",सूत_को
,आ-गमनम्,आगमन,visit,गङ्गा-,--,"षष्ठी-तत्पुरुषः,14.2",गङ्गा-
,,,,कूले,--,"अधिकरणम्,15.1",किनारे_में
,एकाग्रः,एकाग्र चित्तवाले,intent on one object,व्यसर्जयत्,--,"अभिहित_कर्ता,7.1;सकर्मक",आया
,दण्डकान्,दण्डक नाम के वन में,to Dandakaranya,.,-,-,-
,प्र-विवेश,प्रवेश कर गये,entered,रामः,रामः,-,राम
,,,,गुहेन,गुहेन,"समुच्चितः,4.1",गुह_से
,ह,ह,ह,लक्ष्मणेन,--,"समुच्चितः,4.1",लक्ष्मण_से
,40,40,40,सीतया,--,"सहार्थः,9.1",सीता_से
,1.Aश्लोक,1.Fश्लोक,1.GSloka,च,--,"समुच्चय_द्योतकः,4.1",और
2.1.A,प्र-विश्य,प्रवेश कर,having entered,सहितः,--,"सहार्थ_द्योतकः,4.1",साथ
,,,,वनेन,--,"करणवीप्सा,8.1",वन_से
,तु,और,and,वनम्,--,"कर्म,9.1",वन
,महारण्यम्,विशाल वन (में),Great forest,गत्वा,--,"पूर्वकालः,27.1",जा_कर
,रामः,राम ने,Rama,बहु-,--,"षष्ठी-बहुव्रीहिः,10.2",बहु-
,राजीव-लोचनः,कमल जैसे नेत्रों वाला,Lotus-eyed,उदकाः,--,"विशेषणम्,11.1",उदका
,,,,नदीः,--,"कर्म,12.1",नदियाँ
,विराधम्,विराध को,Viradha,तीर्त्वा,--,"पूर्वकालः,27.1",तैर_कर
,राक्षसम्,राक्षस (से),demon,चित्रकूटम्,--,"कर्म,14.1",चित्रकूट_को
,हत्वा,मारकर,having killed,अनुप्राप्य,--,"पूर्वकालः,27.1",प्राप्त_करके
,शरभङ्कम्,शरभङ्कम्,a sage called Sarabhanga,भरद्वाजस्य,--,"कर्ता,16.1",भरद्वाज_के
,ददर्श,देखा,saw,शासनात्,--,"हेतुः,14.1",शासन_से
,ह,निश्चय ही,of course,रम्यम्,--,"विशेषणम्,18.1",रम्य
,41,41,41,आवसथम्,--,"कर्म,19.1",आवसथ_को
3.1.A,सुतीक्ष्णम्,सुतीक्ष्ण को,sutikshna by name,कृत्वा,--,"पूर्वकालः,27.1",मार_डाल_कर
,च,भी,also,देव-,--,"इतरेतर-द्वन्द्वः,20.2",देव-
,अपि,अपि,अपि,गन्धर्व-,--,"बहुव्रीहिः,20.3",गन्धर्व-
,अगस्त्यम्,अगस्त्य को,Agastya by name,सङ्काशाः,--,"विशेषणम्,24.1",सङ्काशों_में
,च,भी,also,वने,--,"अधिकरणम्,22.1",वन_में
,अगस्त्य-भ्रातरम्,अगस्त्य के भ्राता को,to Agastya's brother,रममाणाः,--,"विशेषणम्,24.1",
,,,,ते,--,"विशेषणम्,24.1",वे
,तथा,और,and,त्रयः,--,"कर्ता,27.1;कर्ता,19.1;कर्ता,14.1;कर्ता,12.1;कर्ता,9.1",तीनों_ने
,अगस्त्य-वचनात्,अगस्त्य के कहने से,at the instance of Agastya,तत्र,--,"देशाधिकरणम्,27.1",वहाँ
,,,,सुखम्,--,"क्रियाविशेषणम्,27.1",प्रसन्नतापूर्वक
,च,भी,also,न्यवसन्,--,"अभिहित_कर्ता,24.1;सकर्मक",नि_वस्1या
,एव,ही,alone,.,-,-,-
,जग्राह,लिया,accepted,चित्रकूटम्,चित्रकूटं,"कर्म,2.1",
,ऐन्द्रम्,इन्द्र के द्वारा प्रदत्त,bestowed by Indra,गते,गते,"भावलक्षणसप्तमी_पूर्वकालः,9.1",गया_हुआ
,शरासनम्,धनुष को,a bow,रामे,रामे,"अधिकरणम्,2.1",राम_में
4.1.A,खड्गम्,तलवार को,a sword,पुत्र-,पुत्र-शोक-आतुरः,"षष्ठी-तत्पुरुषः,4.2",पुत्र-
,च,भी,also,शोक-,--,"तृतीया-तत्पुरुषः,4.3",शोक-
,परम-प्रीतः,अत्यधिक प्रसन्न,with supreme delight,आतुरः,--,"विशेषणम्,7.1",आतुर
,,,,तथा,तथा,"क्रियाविशेषणम्,9.1",और
,तूणी,निषङ्गों को,a pair of quivers,राजा,राजा,"विशेषणम्,7.1",राजा
,च,भी,also,दशरथः,दशरथः,"कर्ता,9.1",दशरथ1
,अक्षय-सायकौ,विनाश रहित बाणा वाले,containing inexhaustible store of arrows,स्वर्गम्,स्वर्गं,"कर्म,9.1",स्वर्ग
,,,,जगाम,जगाम,"अभिहित_कर्ता,7.1;सकर्मक",गया
,वसतः,निवास करते हुए,dwelling,विलपन्,विलपन्,"वर्तमानसमानकालः,9.1",विलाप_करता_हुआ
,तस्य,उसके,his,सुतम्,सुतम्,"कर्म,10.1",पुत्र_को
,रामस्य,राम के,rAma's,.,.,-,-
,वने,वन में,in forest,गते,गते,"भावलक्षणप्तमी_पूर्वकालः,10.1",गये_हुए
,वन-चरैः,वनचरों के,the foresters,तु,तु,"सम्बन्धः,1.1",तो
,,,,तस्मिन्,तस्मिन्,"अधिकरणम्,7.1",उसमें
,सह,साथ,with,भरतः,भरतः,"कर्ता,10.1",भरत्_का
,43,43,43,वसिष्ठ-,वसिष्ठ-प्रमुखैः,"षष्ठी-बहुव्रीहिः,5.2",वसिष्ठ-
5.1.A,ऋषयः,मुनियों ने,the seers,प्रमुखैः,--,"विशेषणम्,6.1",प्रमुख
,अभ्यागमन्,आए,called on,द्विजैः,द्विजैः,"कर्ता,7.1",ब्राह्मणों_से
,सर्वे,सभी,all,नियुज्यमानः,नियुज्यमानः,"विशेषणम्,4.1",
,वधाय,वध के लिए,for killing,राज्याय,राज्याय,"प्रयोजनम्,7.1",राज्य_को
,असुर-रक्षसाम्,असुर-असुरा के,of demons,न,न,"प्रतिषेधः,10.1",
,,,,ऐच्छत्,ऐच्छत्,"अभिहित_कर्ता,12.2;सकर्मक",इच्छा_नहीं_की
,सः,वह (राम),he (Rama),राज्यम्,राज्यं,"कर्म,10.1",राज्य_की
,तेषाम्,उनके (राक्षसों के),their,महा-,महा-बलः,"षष्ठी-बहुव्रीहिः,12.2",महा-
,प्रति-शुश्राव,स्वीकार किया,accepted,बलः,--,"विशेषणम्,4.1",बल_ने
,,,,.,.,-,-
,राक्षसानाम्,राक्षसा के (वध),of the demons,सः,सः,"कर्ता,2.1",वह
,तदा,उसी समय,at that time,जगाम,जगाम,"अभिहित_कर्ता,4.1;सकर्मक",गयी
,वने,वन में,in forest,वनम्,वनं,"कर्म,2.1",वन_को
,44,44,44,वीरः,वीरः,"विशेषणम्,1.1",वीर
6.1.A,प्रति-ज्ञातः,प्रतिज्ञा की,solemnly promised,राम-,राम-पाद-प्रसादकः,"षष्ठी-तत्पुरुषः,5.2",राम-
,,,,पाद-,--,"उपपद-तत्पुरुषः,5.3",पाद-
,च,भी,also,प्रसादकः,--,"विशेषणम्,4.1",प्रसादक
,रामेण,दशरथ के पुत्र राम द्वारा,by Rama,.,.,-,-
,वधः,संहार,the killing,गत्वा,गत्वा,"पूर्वकालः,7.1",जा_कर
,संयति,युद्ध में,in an encounter,तु,तु,"सम्बन्धः,1.1",तो
,रक्षसाम्,असुरा के,of demons,सः,सः,"विशेषणम्,10.3",वह
,ऋषीणाम्,ऋषियों का,of the seers,महात्मानम्,महात्मानं,"विशेषणम्,5.1",महात्मे
,अग्नि-कल्पानाम्,अग्नि के समान,glorious as fire,रामम्,रामं,"कर्म,1.1",राम_की
,,,,सत्य-,सत्य-पराक्रमम्,"षष्ठी-बहुव्रीहिः,6.2",सत्य-
,दण्डकारण्य-वासिनाम्,दण्डकारण्य में निवास करने वाले,dwelling in the forest of Dandaka,पराक्रमम्,--,"विशेषणम्,5.1",पराक्रम
,,,,अयाचत्,अयाचत्,"अभिहित_कर्ता,10.3;सकर्मक",याचना_की
7.1.A,तेन,उसके (राम) द्वारा,by him (Rama),भ्रातरम्,भ्रातरं,"विशेषणम्,9.1",भाई
,तत्र,उस वन में,in forest,रामम्,रामम्,"कर्म,7.1",राम_की
,एव,ही,alone,आर्य-,आर्य-भाव-पुरस्कृतः,"कर्मधारयः,10.2",आर्य-
,वसता,रहते हुए,while living,भाव-,--,"तृतीया-तत्पुरुषः,10.3",
,जनस्थान-निवासिनी,जनस्थान में रहने वाली,dwelling in Janasthana,पुरस्कृतः,--,"कर्ता,7.1;कर्ता,1.1",पुरस्कृत_ने
,,,,.,.,-,-
,वि-रूपिता,विरूप की गयी,lopped off,त्वम्,त्वम्,"कर्ता,5.1",तुम
,,,,एव,एव,"सम्बन्धः,1.1",ही
,शूर्पणखा,शूर्पणखा,"shurpanakhaa, by name",राजा,राजा,"विशेषणम्,1.1",राजा
,राक्षसी,राक्षसी,demoness,धर्मज्ञः,धर्मज्ञः,"विधेय_विशेषणम्,1.1",धर्मज्ञ1
,काम-रूपिणी,इच्छानुसार रूप बनाने वाली,capable of assuming any form at will,(असि),असि,"वाक्यार्थः,8.1",हो
,,,,इति,इति,"वाक्यार्थ_द्योतकः,5.1",ऐसा
8.1.A,ततः,उसके बाद,then,रामम्,रामं,"कर्म,9.1",राम_को
,शूर्पणखा-वाक्यात्,शूर्पणखा के वचन से,at the instigation of shurrpanakha,वचः,वचः,"मुख्यकर्म,9.1",तोते_ने
,,,,अब्रवीत्,अब्रवीत्,-,कहा
,उद्युक्तान्,युद्ध हेतु तत्पर,prepared for battle,.,.,-,-
,सर्व-राक्षसान्,सभी राक्षसों को,सर्व-राक्षसान्,रामः,रामः,"कर्ता,6.1",राम
,,,,अपि,अपि,"सम्बन्धः,1.1",भी
,खरं,खरनामक,Khara by name,परम-,परम-उदारः,"कर्मधारयः,3.2",परम-
,त्रि-शिरसं,त्रिशिरा नामक,"Trishir,by name",उदारः,--,"विधेय_विशेषणम्,1.1",उदार
,,,,सु-,सु-मुखः,"बहुव्रीहिः,4.2",सु-
,च,भी,also,मुखः,--,"विधेय_विशेषणम्,1.1",मुख
,एव,ही,alone,सु-,सु-महा-यशाः,"बहुव्रीहिः,5.2",सु-
,दूषणं,दूषण नामक,Dushana by name,महा-,--,"कर्मधारयः,5.3",महा-
,च,भी,also,यशाः,--,"विधेय_विशेषणम्,1.1",यशस्
,एव,ही,alone,(आसीत्),(आसीत्),"अभिहित_कर्ता,1.1",था
,राक्षसम्,राक्षस (से),demon,.,.,-,-
,47,47,47,न,न,"प्रतिषेधः,3.1",नहीं
9.1.A,नि-जघान,मारा,killed,च,च,"सम्बन्धः,1.1",च1
,,,,ऐच्छत्,ऐच्छत्,"अभिहित_कर्ता,7.1;सकर्मक",इच्छा_की
,रणे,युद्ध में,in an encounter,पितुः,पितुः,"षष्ठीसम्बन्धः,5.1",पिता_से
,रामः,राम ने,Rama,आदेशात्,आदेशात्,"हेतुः,3.1",आदेश
,तेषाम्,उनके (राक्षसा के),their,राज्यम्,राज्यं,"कर्म,3.1",राज्य_की
,च,भी,also,रामः,रामः,"कर्ता,3.1",राम_ने
,एव,ही,alone,महा-,महा-बलः,"समासः,8.2",महा-
,पदानुगान्,अनुयायियों को,followers,बलः,--,"विशेषणम्,7.1",बल
,वने,वन में,in forest,.,.,-,-
,तस्मिन्,उस में,in that place,पादुके,पादुके,"कर्म,6.1",पादुक_में
,निवसता,रहते हुए,by Rama while sojourning,च,च,"सम्बन्धः,1.1",और
,जन-स्थान-निवासिनाम्,दण्डकारण्यवासियों,living in Janasthana,अस्य,अस्य,"षष्ठीसम्बन्धः,4.1",इसके
,,,,राज्याय,राज्याय,"प्रयोजनम्,6.1",राज्य_को
,,,,न्यासम्,न्यासं,"कर्म,6.1",धरोहर
10.1.A,रक्षसाम्,असुरों के,of demons,दत्त्वा,दत्त्वा,"पूर्वकालः,9.1",दे_कर
,नि-हतानि,मारे गए,killed,पुनः,पुनः,"वीप्सा,8.1",फिर
,,,,पुनः,पुनः,"क्रियाविशेषणम्,9.1",फिर
,आसन्,थे,were,निवर्तयामास,निवर्तयामास,"अभिहित_कर्ता,12.3;सकर्मक",निवृत्त_हुआ
,सहस्राणि,हजार,thousand,ततः,ततः,"सम्बन्धः,9.1",वहाँ_से
,चतुर्दश,चौदह,fourteen,भरतम्,भरतं,"कर्म,9.1",पूर्ण_करो
,ततः,उसके बाद,then,भरत-,भरत-अग्रजः,"षष्ठी-बहुव्रीहिः,12.2",भरत-
,ज्ञाति-वधम्,ज्ञाति-वधम्,the killing of kinsmen,अग्र-,--,"उपपद-तत्पुरुषः,12.3",आगे
,,,,जः,--,"कर्ता,9.1",आगे
,श्रुत्वा,सुनकर,having heard,.,.,-,-
,रावणः,रावणः,Ravana,सः,सः,"कर्ता,8.1;कर्ता,3.2",उसने
,क्रोध-मूर्च्छितः,क्रोध से मूर्छित,stupefied through anger,कामम्,कामम्,"कर्म,3.2",काम
,,,,अन्-,अन्-अवाप्य,"नञ्-तत्पुरुषः,3.2",अन्-
11.1.A,सहायम्,सहयोग,the help,अवाप्य,--,"पूर्वकालः,8.1",पा_कर
,वरयामास,मांगा,sought,एव,एव,"सम्बन्धः,3.2",ही
,मारीचम्,मारीचम्,Maricha,राम-,राम-पादौ,"षष्ठी-तत्पुरुषः,5.2",राम-
,नाम,नाम से प्रसिद्ध,by name,पादौ,--,"कर्म,6.1",पैर
,राक्षसम्,राक्षस (से),demon,उपस्पृशन्,उपस्पृशन्,"वर्तमानसमानकालः,8.1",छूता_हुआ
,1.Aश्लोक,1.Fश्लोक,1.Gश्लोक,नन्दि-,नन्दि-ग्रामे,"कर्मधारय,7.2",नन्दि-
2.1.A,वार्यमाणः,रोका गया,discouraged,ग्रामे,--,"अधिकरणम्,8.1",गाँव_में
,सु-बहुशः,बार-बार,repeatedly,अकरोत्,अकरोत्,"अभिहित_कर्ता,1.1;सकर्मक",किया
,,,,राज्यम्,राज्यं,"कर्म,8.1",राज्य
,मारीचेन,मारीच के द्वारा,by Marica,राम-,राम-आगमन-काङ्क्षया,"षष्ठी-तत्पुरुषः,10.2",राम-
,सः,वह राम,he (Rama),आगमन-,--,"षष्ठी-तत्पुरुषः,10.3",
,रावणः,रावण,Ravana,काङ्क्षया,--,"हेतुः,8.1",अभिलाषा_से
,न,नहीं (है),not,.,.,-,-
,विरोधः,विरोध,to make enemy,,,,
,बलवता,बलवान्,powerful (Rama),गते,गते,"भावलक्षणसप्तमी_पूर्वकालः,18.1",गये_हुए
,क्षमः,उचित,advisable,तु,तु,"सम्बन्धः,1.1",तो
,रावण,रावण,Ravana,भरते,भरते,"कर्ता,1.1",भरत_में
,तेन,उस से,in that,श्रीमान्,श्रीमान्,"विशेषणम्,7.1",श्री_मान्
,ते,तुम्हारा,for you,सत्य-,सत्य-सन्धः,"षष्ठी-तत्पुरुषः,5.2",सत्य-
3.1.A,अनादृत्य,अनादृत करके,turning adeaf ear,सन्धः,--,"विशेषणम्,7.1",मेल
,तु,तु,तु,जित-,जितेन्द्रियः,"षष्ठी-बहुव्रीहिः,6.2",
,तद्वाक्यं,उसके वचन को,to his advice,इन्द्रियः,--,"विशेषणम्,7.2",
,रावणः,रावण,Ravana,रामः,रामः,"कर्ता,18.1;कर्ता,10.1",राम
,काल-चोदितः,मृत्यु के द्वारा प्रेरित,impelled by death,तु,तु,"सम्बन्धः,7.1",तो
,,,,पुनः,पुनः,"क्रियाविशेषणम्,10.1",फिर
,जगाम,गया,proceeded,आलक्ष्य,आलक्ष्य,"पूर्वकालः,18.1",समझ_कर
,सह-मारीचः,सह-मारीचः,along with Marica,नागरस्य,नागरस्य,"समुच्चितः,12.1",नागर_का
,,,,जनस्य,जनस्य,"षष्ठीसम्बन्धः,15.1",जन_की
,तस्य,राम के,Rama's,च,च,"समुच्चय_द्योतकः,12.1",च2
,आश्रम-पदं,आश्रम स्थान को,hermitage,तत्र,तत्र,"देशाधिकरणम्,10.1",वहाँ
,,,,आगमनम्,आगमनम्,"कर्म,10.1",आगमन
,तदा,तब,then,एकाग्रः,एकाग्रः,"विशेषणम्,7.1",एकाग्रता_ने
4.1.A,तेन,उस से,in that,दण्डकान्,दण्डकान्,"कर्म,18.1",दण्डकों_में
,मायाविना,मायावी के द्वारा,by the wily(Marica),प्रविवेश,प्रविवेश,"अभिहित_कर्ता,16.1;सकर्मक",प्रवेश_किया
,दूरम्,दूर स्थान में,afar,ह,ह,"सम्बन्धः,18.1",ह
,अपवाह्य,हटाकर,having removed,.,.,-,-
,नृपात्मजौ,दोना राजपुत्रा को,two princes (Rama and Lakshmana),प्रविश्य,प्रविश्य,"पूर्वकालः,10.1",प्रवेश_करके
,जहार,चुरा ले गया,stole away,तु,तु,"सम्बन्धः,1.1",तो
,भार्याम्,पत्नी को,wife,महा-,महा-अरण्यं,"कर्मधारय,3.2",महारण्य_में
,रामस्य,राम की,Rama's,अरण्यम्,--,"कर्म,1.1",
,गृध्रम्,गिद्ध,the vulture,रामः,रामः,"कर्ता,10.1;कर्ता,8.1;कर्ता,1.1",राम_ने
,हत्वा,मारकर,having killed,राजीव-,राजीव-लोचनः,"षष्ठी-बहुव्रीहिः,5.2",राजीव-
,जटायुषम्,जटायु (का),Jatayu by name,लोचनः,--,"विशेषणम्,4.1",देखना
5.1.A,गृध्रम्,गिद्ध,the vulture,विराधम्,विराधं,"विशेषणम्,7.1",विरोध
,च,और,and,राक्षसम्,राक्षसं,"कर्म,8.1",राक्षस
,नि-हतम्,मरणासन्न,mortally wounded,हत्वा,हत्वा,"पूर्वकालः,10.1",मार_कर
,,,,शरभङ्गम्,शरभङ्गं,"कर्म,10.1",शरभङ्ग_को
,दृष्ट्वा,देख कर,having seen,ददर्श,ददर्श,"अभिहित_कर्ता,4.1;सकर्मक",देखा
,हृतां,अपहृता,forcibly carried off,ह,ह,"सम्बन्धः,10.1",ह
,श्रुत्वा,सुनकर,having heard,सुतीक्ष्णम्,सुतीक्ष्णं,"समुच्चितः,9.1",सुतीक्ष्ण
,च,और,and,च,च,"समुच्चय_द्योतकः,12.1",च2
,मैथिलीम्,सीता को,Maithili (Sita),अपि,अपि,"सम्बन्धः,13.1",भी
,राघवः,राम (ने),a scion of Raghu,अगस्त्यम्,अगस्त्यं,"समुच्चितः,9.1",अगस्त्य_को
,शोक-सन्तप्तः,दुःखित,tormented with grief,च,च,"समुच्चय_द्योतकः,15.1",च2
,,,,अगस्त्य-,अगस्त्य-भ्रातरं,"षष्ठी-तत्पुरुषः,17.2",अगस्त्य-
,वि-ललाप,विलाप किया,wailed loudly,भ्रातरम्,--,"समुच्चितः,9.1",भाई_को
,,,,तथा,तथा,"समुच्चय_द्योतकः,17.2",और
,आकुलेन्द्रियः,व्यथित,mind agitated,.,.,-,-
6.1.A,ततः,उसके बाद,then,अगस्त्य-,अगस्त्य-वचनात्,"षष्ठी-तत्पुरुषः,1.2",अगस्त्य-
,तेन,उस से,in that,वचनात्,--,"हेतुः5,4.1",वचन_से
,एव,ही,also,च,च,"सम्बन्धः,1.2",च1
,शोकेन,शोक से,in state of grief,एव,एव,"सम्बन्धः,2.1",ही
,गृध्रम्,गिद्ध,the vulture,जग्राह,जग्राह,"अभिहित_कर्ता,10.1;सकर्मक",ली
,दग्ध्वा,दाह संस्कार करके,having cremated,ऐन्द्रं,ऐन्द्रं,"विशेषणम्,6.2",ऐन्द्र
,जटायुषम्,जटायु (का),Jatayu by name,शर-,शर-आसनम्,"षष्ठी-तत्पुरुषः,6.2",शर-
,मार्गमाणः,खोजते हुए,hunting up,आसनम्,--,"कर्म,4.1",आसन
,वने,वन में,in the forest,खड्गं,खड्गं,"समुच्चितः,6.2",तलवार_को
,सीताम्,सीता को,Sita,च,च,"समुच्चय_द्योतकः,7.1",च1
,राक्षसम्,राक्षस को,demon,परम-,परम-प्रीतः,"कर्मधारयः,9.2",परम-
,सं-ददर्श,देखा,saw,प्रीतः,--,"कर्ता,4.1",प्रसन्न
,,,,तूणी,तूणी,"समुच्चितः,6.2",तरकस_ने
,ह,(प्रसिद्धार्थक अव्यय),so the tradition goes,च,च,"समुच्चय_द्योतकः,10.1",च2
7.1.A,कबन्धम्,कबन्ध को,to Kabandha,अक्षय-,अक्षय-सायकौ,"षष्ठी-बहुव्रीहिः,12.2",अक्षय-
,नाम,नामक,by name,सायकौ,--,"विशेषणम्,10.1",बाण
,रूपेण,रूप से,of body,.,.,-,-
,वि-कृतम्,विकृत,deformed,सः,सः,"कर्ता,3.1",उसने
,,,,तेषाम्,तेषां,"विशेषणम्,4.1",उन
,घोर-दर्शनम्,भयङ्कर,having terrible look,प्रतिशुश्राव,प्रतिशुश्राव,"अभिहित_कर्ता,1.1;सकर्मक",प्रति_श्रु1या
,,,,राक्षसानाम्,राक्षसानां,"षष्ठीसम्बन्धः,5.1",राक्षसों_के
,तम्,उसको,him,(वधम्),वधम्,"कर्म,3.1",वध
,निहत्य,मारकर,having killed,तदा,तदा,"कालाधिकरणम्,3.1",तब
,महा-बाहुः,लम्बी भुजाओं वाले राम ने,the mighty armed Rama,वने,वने,"अधिकरणम्,3.1",वन_में
,,,,.,.,-,-
,ददाह,दहन किया,cremated,प्रतिज्ञातः,प्रतिज्ञातः,-,सहमत
,स्वः,स्वर्ग,to heaven,च,च,"सम्बन्धः,1.1",और
,गतः,चला गया,ascended,रामेण,रामेण,"कर्ता,1.1",राम_से
,च,और,and,वधः,वधः,"कर्म,1.1",वध
,सः,वह राम,he (Rama),संयति,संयति,"अधिकरणम्,4.1",युद्ध_में
8.1.A,स,वह,that,रक्षसाम्,रक्षसाम्,"कर्म,4.1",राक्षसों_का
,च,और,and,(सन्निधौ),सन्निधौ,"अधिकरणम्,1.1",साथ_साथ_रखने_में
,अस्य,राम को,to Rama,ऋषीणाम्,ऋषीणाम्,"षष्ठीसम्बन्धः,7.1",ऋषियों_के
,कथयामास,कहा,said,अग्नि-,अग्नि-कल्पानां,"षष्ठी-बहुव्रीहिः,9.2",अग्नि-
,शबरीम्,शबरी (के पास),to shabari,कल्पानाम्,--,"विशेषणम्,8.1",कल्प
,धर्म-चारिणीम्,धर्माचरण करने वाली,to pious,दण्डक-,दण्डक-अरण्य-वासिनाम्,"कर्मधारय,10.2",दण्डक-
,,,,अरण्य-,--,"षष्ठी-तत्पुरुषः,10.3",अरण्य-
,श्रमणाम्,सन्यासिनी,hermitess,वासिनाम्,--,"विशेषणम्,8.1",वासिन्
,धर्म-निपुणाम्,धर्मशीला,well-versed in the principles of right piousness,.,.,-,-
,,,,तेन,तेन,"कर्ता,61",फैलाये
,अभि-गच्छ,जाओ,go,तत्र,तत्र,"देशाधिकरणम्,6.1",वहाँ
,,,,एव,एव,"सम्बन्धः,2.1",ही
,इति,ऐसा,having said that,वसता,वसता,"विशेषणम्,1.1",रहता_हुआ
,राघव,राघव,Raghava,जन-,जन-स्थान-निवासिनी,"षष्ठी-तत्पुरुषः,5.2",जन-
9.1.A,सः,वह राम,he (Rama),स्थान-,--,"उपपद-तत्पुरुषः,5.3",स्थान-
,अभ्यगच्छत्,गया,approached,निवासिनी,--,"विशेषणम्,7.1",निवासिनी
,महा-तेजाः,अत्यन्त तेजस्वी,the highly glorious,विरूपिता,विरूपिता,,विरूपिता
,,,,शूर्पणखा,शूर्पणखा,"कर्म,6.1",शूर्पणखा
,शबरीम्,शबरी (के पास),to shabari,राक्षसी,राक्षसी,"विशेषणम्,7.1",राक्षसी
,शत्रु-सूदनः,शत्रुओं के विनाशक,the destroyer of foes,काम-,काम-रूपिणी,"कर्मधारय,9.2",काम-
,,,,रूपिणी,--,"विशेषणम्,7.1",रूपिणी
,शबर्या,शबरी के द्वारा,by shabari,.,.,-,-
,पूजितः,पूजित हुए,worshipped,ततः,ततः,"सम्बन्धः,17.1",वहाँ_से
,सम्यक्,भली भाँति,duly,शूर्पणखा-,शूर्पणखा-वाक्यात्,"षष्ठी-तत्पुरुषः,2.2",शूर्पणखा-
,रामः,राम,shri Rama by name,वाक्यात्,--,"हेतुः,3.1",वाक्य_से
,दशरथात्मजः,दशरथ पुत्र,the son of Dasharatha,उद्युक्तान्,उद्युक्तान्,"विशेषणम्,4.2",उद्युक्त
10.1.A,पम्पा-तीरे,पम्पा नामक सरोवर के किनारे,on the bank of pampa lake,सर्व-,सर्व-राक्षसान्,"कर्मधारय,4.2",सर्व-
,,,,राक्षसान्,--,"समुच्चितः,12.1",राक्षसों_को
,हनुमता,हनुमान् के साथ,with Hanuman,खरम्,खरं,"घटकः,4.2",खल_को
,सङ्गतः,मिला,came in contact,त्रिशिरसम्,त्रिशिरसं,"घटकः,4.2",त्रिशिरस्_को
,वानरेण,बन्दर,monkey,दूषणम्,दूषणं,"घटकः,4.2",दूषण
,ह,(प्रसिद्धार्थक अव्यय),so the tradition goes,च,च,"सम्बन्धः,7.1",च1
,हनुमद्-वचनात्,और हनुमान के कहने,and at the intercession of Hanuman,एव,एव,"सम्बन्धः,8.1",ही
,,,,राक्षसम्,राक्षसम्,"विशेषणम्,7.1",राक्षस_को
,च,और,and,तेषाम्,--,"षष्ठीसम्बन्धः,12.1",उनके
,एव,ही,also,पदानुगान्,--,"कर्म,17.1",पदानुगों_को
,सुग्रीवेण,सुग्रीव से,Sugriva,च,--,"समुच्चय_द्योतकः,12.1",च2
,समागतः,मिला,made friendship,एव,--,"सम्बन्धः,13.1",ही
11.1.A,सुग्रीवाय,सुग्रीव को,to Sugriva,रणे,--,"अधिकरणम्,17.1",युद्ध_में
,च,और,and,रामः,--,"कर्ता,17.1",राम_ने
,तत्सर्वं,तत्सर्वं,that all,निजघान,--,"अभिहित_कर्ता,16.1;सकर्मक",समूल_नष्ट_किया
,शंसत्,सुनाया,narrated,.,-,-,-
,रामः,राम,shri Rama by name,वने,वने,"अधिकरणम्,3.1",वन
,महा-बलः,महा-बलः,exceedingly powerful(Rama),तस्मिन्,तस्मिन्,"विशेषणम्,1.1",उसमें
,,,,निवसता,निवसता,"कर्ता,6.1",सुसज्जित_करता_हुआ
,1.Aश्लोक,1.Fश्लोक,1.Gश्लोक,जन-,जन-स्थान-निवासिनाम्,"षष्ठी-तत्पुरुषः,4.2",जन-
2.1.A,सुग्रीवः,सुग्रीव,Sugriva,स्थान-,--,"उपपद-तत्पुरुषः,4.3",स्थान-
,अपि,अपि,too,निवासिनाम्,--,"विशेषणम्,5.1",निवासी_का
,तत्,वह,that,रक्षसाम्,रक्षसां,"षष्ठीसम्बन्धः,9.1",राक्षसों_का
,सर्वं,सर्वं,the whole,निहतानि,निहतानि,"कर्ता,7.1",समूल_नष्ट_किये_हुए
,श्रुत्वा,सुनकर,having heard,आसन्,आसन्,-,गये
,रामस्य,राम का,of Rama,सहस्राणि,सहस्राणि,"कर्म,6.1",सहस्राणि
,वानरः,वानर,the monkey,चतुर्दश,चतुर्दश,"विशेषणम्,8.1",चौदह
3.1.A,चकार,किया,made,.,.,-,-
,सख्यं,मित्रता,friendship,ततः,ततः,"सम्बन्धः,5.2",वहाँ_से
,रामेण,राम के द्वारा,by shri Rama,ज्ञाति-,ज्ञाति-वधं,"षष्ठी-तत्पुरुषः,2.2",ज्ञाति-
,प्रीतः,प्रसन्न,pleased,वधम्,--,"कर्म,3.1",वध
,च,और,and,श्रुत्वा,श्रुत्वा,"पूर्वकालः,5.2",सुन_कर
,एव,ही,alone,रावणः,रावणः,"कर्ता,5.2;कर्ता,3.1",रावण
,अग्नि-साक्षिकम्,अग्नि को साक्षी मानकर,in the presence of (sacred) fire as witness,क्रोध-,क्रोध-मूर्छितः,"तृतीया-तत्पुरुषः,5.2",क्रोध-
,,,,मूर्छितः,--,-,मूर्छित
,ततः,तब,then,.,.,-,-
,वानर-राजेन,वानरराज (सुग्रीव) के द्वारा,by chief of monkey (Sugriva),सहायम्,सहायं,"कर्म,2.1",साथी
,,,,वरयामास,वरयामास,-,वृ2या
,वैरानुकथनम्,वैरानुकथनम्,his enemity,मारीचम्,मारीचं,"सञ्ज्ञा,5.1",मारीच_को
,प्रति,के प्रति,with regard to,नाम,नाम,"सञ्ज्ञा_द्योतकः,3.1",नाम_1
4.1.A,रामाय,राम (से),to shri Rama,राक्षसम्,राक्षसम्,"कर्म,2.1",राक्षस
,आवेदितम्,निवेदन किया गया,reported,.,.,-,-
,सर्वम्,सब कुछ,the whole,वार्यमाणः,वार्यमाणः,"कर्ता,6.1",
,प्रणयात्,प्रेम के कारण,out of affection,सु-,सु-बहुशः,"अव्ययीभावः,2.2",सु-
,दुःखितेन,दुःखित,afflicted,बहुशः,--,"क्रियाविशेषणम्,1.1",बार_बार
,च,और,and,मारीचेन,मारीचेन,"प्रयोजककर्ता,1.1",मारीच_से
,प्रति-ज्ञातम्,के प्रति-ज्ञातम्,a vow was taken,सः,सः,"विशेषणम्,5.1",वह
,,,,रावणः,रावणः,"प्रयोज्यकर्ता,1.1",रावण
,च,और,and,(आसीत्),(आसीत्),"अभिहित_कर्ता,1.1",था
,रामेण,राम के द्वारा,by shri Rama,.,.,-,-
,तदा,तब,then,न,न,"प्रतिषेधः,4.1",नहीं
,वालि-वधं,वालि वध,Killing of vali,विरोधः,विरोधः,"कर्ता,4.1",विरोध
,,,,बलवता,बलवता,"विशेषणम्,6.1",बल_से
,प्रति,के प्रति,with regard to,क्षमः,क्षमः,-,योग्य
,62,62,62,रावण,रावण,"सम्बोध्यः,4.1",रावण
5.1.A,वालिनः,वाली की,of Vali,तेन,तेन,"सहार्थः,2.1",उससे
,च,और,and,ते,ते,"षष्ठीसम्बन्धः,2.1",वे
,बलम्,शक्ति को,strength,.,.,-,-
,तत्र,युद्ध में,in the course of that encounter,अन्-,अन्-आदृत्य,"नञ्-तत्पुरुषः,1.2",अन्-
,कथयामास,कहा,described,आदृत्य,--,"पूर्वकालः,7.1",-
,वानरः,वानर,the monkey,तु,तु,"सम्बन्धः,1.2",तो
,सुग्रीवः,सुग्रीव,Sugriva,तत्,तत्,"विशेषणम्,4.1",उस
,शङ्कितः,सन्देह युक्त,full of misgivings,वाक्यम्,वाक्यं,"कर्म,1.2",वाक्य_को
,च,और,and,रावणः,रावणः,"कर्ता,7.1;कर्ता,1.2",रावण
,आसीत्,था,was,काल-,काल-चोदितः,"तृतीया-तत्पुरुषः,6.2",काल-
,नित्यं,नित्यं,ever,चोदितः,--,"विशेषणम्,5.1",प्रेरणा_किया_हुआ
,वीर्येण,बल (के विषय में),in the matter of prowess,जगाम,जगाम,"अभिहित_कर्ता,5.1;सकर्मक",गया
,राघवे,राम (के),concerning Rama,सह-,सह-मारीचः,"सहपूर्वपद-व्यधिकरण-बहुव्रीहिः,8.2",साथ
6.1.A,राघव-प्रत्ययार्थम्,राम के विश्वास के लिए,in order to convince shri Rama,मारीचः,--,"विशेषणम्,5.1",मारीच
,,,,तस्य,तस्य,"षष्ठीसम्बन्धः,10.2",उसका
,तु,तु,too,आश्रम-,आश्रम-पदं,"कर्मधारयः,10.2",आश्रम-
,दुन्दुभेः,दुन्दभि नामक राक्षस के,of dundubhi,पदम्,--,"कर्म,7.1",पैर
,कायम्,शरीर को,skeleton,तदा,तदा,"कालाधिकरणम्,7.1",तब
,उत्तमम्,बडे,tall,.,.,-,-
,दर्शयामास,दिखलाया,actually showed,तेन,तेन,"विशेषणम्,2.1",उस
,सुग्रीवः,सुग्रीव,Sugriva,मायाविना,मायाविना,"प्रयोजककर्तृरहितप्रज्यकर्ता,5.1",ऐन्द्रजालिक_से
,महा-पर्वत-सन्निभम्,महा-पर्वत-सन्निभम्,looking like a big mountain,नृप-,नृप-आत्मजौ,"षष्ठी-तत्पुरुषः,3.2",नृप-
,,,,आत्म-,--,"उपपद-तत्पुरुषः,3.3",आत्म-
,,,,जौ,--,"कर्म,5.1",पुत्र
7.1.A,उत्स्मयित्वा,और हँस कर,smiling,दूरम्,दूरम्,"कर्म,5.1",दूर
,महा-बाहुः,लम्बे बाहु वाला,the mighty armed,अपवाह्य,अपवाह्य,"पूर्वकालः,11.1",हटवा_कर
,,,,गृध्रम्,--,"विशेषणम्,7.1",लोभी
,प्रेक्ष्य,देख कर,glaring,जटायुषम्,--,"कर्म,8.1",जटायुस्_को
,च,और,and,हत्वा,--,"पूर्वकालः,11.1",मार_कर
,अस्थि,अस्थि (को),bone,रामस्य,--,"षष्ठीसम्बन्धः,10.1",राम_की
,महा-बलः,महाबली,possessed of extra ordinary strength,भार्याम्,--,"कर्म,11.1",पत्नी_का
,,,,जहार,--,-,बलात्कार_किया
,पादाङ्गुष्ठेन,पादाङ्गुष्ठेन,with his big toe full,.,-,-,-
,चिक्षेप,फेंका,hurled,गृध्रम्,गृध्रं,"कर्म,3.1",लोभी
,सम्पूर्णं,पूरे,all,च,च,"सम्बन्धः,1.1",च1
,दश-योजनम्,दश योजन तक,distance of eighty miles,निहतम्,निहतं,"कर्म,4.1",समूल_नष्ट_किया_हुआ
,,,,दृष्ट्वा,दृष्ट्वा,"समुच्चितः,6.1",देख_कर
8.1.A,बिभेद,भेद दिया,pierced,हृताम्,हृतां,"कर्म,6.1",अपहरण_करने_वाला
,च,और,and,श्रुत्वा,श्रुत्वा,"पूर्वकालः,11.1",सुन_कर
,पुनः,पुनः,"again,Further",च,च,"समुच्चय_द्योतकः,6.1",च2
,सालान्,साल वृक्षा को,palmyra trees,मैथिलीम्,मैथिलीम्,"कर्म,5.1",सीता_को
,सप्त,सात,seven,राघवः,राघवः,"कर्ता,11.1;कर्ता,6.1",रघुवंशी_ने
,एकेन,एक,single,शोक-,शोक-संतप्तः,"तृतीया-तत्पुरुषः,10.2",शोक-
,महेषुणा,बाण से,mighty shaft,संतप्तः,--,"विशेषणम्,9.1",गर्म
,गिरिम्,गिरिम्,a hillock,विललाप,विललाप,"अभिहित_कर्ता,9.1;सकर्मक",विलाप_किया
,रसातलं,रसातलं,the sixth subterranean plane,आकुल-,आकुल-इन्द्रियः,"षष्ठी-बहुव्रीहिः,12.2",आकुल-
,चैव,चैव,as well as,इन्द्रियः,--,"विशेषणम्,9.1",इन्द्रिय
,जनयन्,जगाते हुए,in order to inspire,.,.,-,-
,प्रत्ययं,प्रत्ययं,confidence,तेन,तेन,"विशेषणम्,4.1",उससे
,तदा,तब,then,एव,एव,"सम्बन्धः,2.1",ही
9.1.A,ततः,तब,then,शोकेन,शोकेन,"हेतुः,6.1",शोक_से
,प्रीत-मनाः,प्रसन्नचित्त,pleased,गृध्रम्,गृध्रं,"विशेषणम्,7.1",लोभी
,,,,दग्ध्वा,दग्ध्वा,"पूर्वकालः,12.1",जला_कर
,तेन,उससे,(distracted) by that,जटायुषम्,जटायुषम्,"कर्म,6.1",जटायुस्_को
,विश्वस्तः,विश्वस्त,contended,मार्गमाणः,मार्गमाणः,"कर्ता,12.1;कर्ता,6.1",अन्वेषण_करता_हुआ
,सः,वह,he(Sugriva),वने,वने,"अधिकरणम्,8.1",वन_में
,महा-कपिः,वानर सुग्रीव,the great monkey,सीताम्,सीतां,"कर्म,8.1",सीता_का
,,,,राक्षसम्,राक्षसं,"कर्म,12.1",राक्षस
,किष्किन्धाम्,किष्किन्धा,to kishkindha,संददर्श,संददर्श,"अभिहित_कर्ता,8.1;सकर्मक",देखा
,राम-सहितः,राम के साथ,with Rama,ह,ह,"सम्बन्धः,12.1",ह
,,,,कबन्धम्,कबन्धं,"सञ्ज्ञा,11.1",पेट_को
,जगाम,गया,marched,नाम,नाम,"सञ्ज्ञा_द्योतकः,14.1",नाम_1
,च,और,and,रूपेण,रूपेण,"अङ्गविकारः,17.1",रूप_से
,गुहाम्,गुफा,cave,विकृतम्,विकृतं,"विशेषणम्,11.1",बीभत्स
,तदा,तब,then,घोर-,घोर-दर्शनम्,"षष्ठी-बहुव्रीहिः,18.2",घोर-
10.1.A,ततः,तब,then,दर्शनम्,--,"विशेषणम्,11.1",दर्शन
,अगर्जत्,गरजा,roared,.,.,-,-
,हरि-वरः,वानर श्रेष्ठ,the monkey chief,तम्,तं,"कर्म,2.1",वह
,,,,निहत्य,निहत्य,"पूर्वकालः,4.1",समूल_नष्ट_करके
,सुग्रीवः,सुग्रीव,Sugriva,महा-,महा-बाहुः,"षष्ठी-बहुव्रीहिः,3.2",महा-
,हेम-पिङ्गलः,हेम-पिङ्गलः,tawny as gold,बाहुः,--,"कर्ता,4.1;कर्ता,2.1",भुजा_ने
,,,,ददाह,ददाह,"अभिहित_कर्ता,3.2;सकर्मक",जलाई
,तेन,उससे,(distracted) by that,.,.,-,-
,नादेन,ध्वनि से,the king of the,स्वर्,स्वर्,"कर्म,2.1",स्वर्ग
,महता,उँची,great roar,गतः,गतः,-,गया_हुआ
,निर्जगाम,निकला,Sallied forth,च,च,"सम्बन्धः,2.1",च1
,हरीश्वरः,वानर राज (वाली),king of the monkeys (Vali),सः,सः,"कर्ता,2.1",वह
11.1.A,अनु-मान्य,अनु-मान्य,having reassured,.,.,-,-
,,,,सः,सः,"कर्ता,4.1",उसने
,तदा,तब,then,च,च,"सम्बन्धः,1.1",च1
,तारां,तारां,Tara (Vali's wife),अस्य,अस्य,"कर्म,4.1",उसको
,सुग्रीवेण,सुग्रीव से,convinced with sugriva,कथयामास,कथयामास,"अभिहित_कर्ता,1.1;सकर्मक",कहा
,समागतः,आया,came,शबरीं,शबरीं,"कर्म,9.1",शबरी_को
,नि-जघान,मार दिया,killed,धर्मचारिणीम्,धर्मचारिणीम्,"विशेषणम्,5.1",धर्मचारिणी
,,,,श्रमणां,श्रमणां,"विशेषणम्,5.1",भक्तिनी
,च,और,and,धर्म-,धर्म-निपुणाम्,"सप्तमी-तत्पुरुषः,8.2",धर्म-
,तत्र,युद्ध में,in the course of that encounter,निपुणाम्,--,"विशेषणम्,5.1",निपुण
,एनं,इसे (बाली को),him(Vali),अभिगच्छ,अभिगच्छ,"वाक्यकर्म,4.1",निकट_जाओ
,शरेण,बाण से,arrow,इति,इति,"वाक्यकर्म_द्योतकः,9.1",ऐसा
,एकेन,एक,single,राघव,राघव,"सम्बोध्यः,9.1",रघुवंशी
,राघवः,राम ने,the scion of Raghu,.,.,-,-
12.1.A,ततः,तब,then,सः,सः,"कर्ता,2.1",उसने
,सुग्रीव-वचनात्,सुग्रीव-वचनात्,due to Sugriva's plea,अभ्यगच्छत्,अभ्यगच्छत्,"अभिहित_कर्ता,1.1;सकर्मक",निकट_गया
,,,,महा-,महा-तेजाः,"षष्ठी-बहुव्रीहिः,3.2",महा-
,हत्वा,मारकर,having killed,तेजाः,--,"विशेषणम्,1.1",तेजस्
,वालिनम्,वाली को,to Vali,शबरीम्,शबरीं,"कर्म,2.1",शबरी_को
,आहवे,युद्ध में,in an encounter,शत्रु-,शत्रु-सूदनः,"षष्ठी-बहुव्रीहिः,5.2",शत्रु-
,सुग्रीवम्,सुग्रीव को,Sugriva himself,सूदनः,--,"विशेषणम्,1.1",सूदन
,एव,ही,alone,.,.,-,-
,तद्-राज्ये,उस राज्य में,in Vali's throne,,,,
,,,,,,,
,राघवः,राम ने,the scion of Raghu,शबर्या,शबर्या,"कर्ता,2.1",
,प्रत्यपादयत्,बैठाया,installed,पूजितः,पूजितः,-,पूजित
,1.Aश्लोक,1.Fश्लोक,1.Gश्लोक,सम्यक्,सम्यक्,"क्रियाविशेषणम्,2.1",ठीक
2.1.A,सः,वह हनुमान्,he (Hanuman),रामः,रामः,"कर्म,2.1",राम
,च,और,and,दशरथ-,दशरथ-आत्मजः,"षष्ठी-तत्पुरुषः,5.2",दशरथ-
,सर्वान्,सभी,all,आत्मजः,--,"विशेषणम्,4.1",आत्म
,समानीय,बुलाकर (इकट्ठा करके),bringing together,.,.,-,-
,वानरान्,बन्दरा को,the monkeys,,,,
,वानरर्षभः,वानरों में श्रेष्ठ,Great among the monkeys,,,,
,दिशः,चारा दिशाओं में,in all directions,पम्पा-,पम्पा-तीरे,"समासः,1.2",पम्पा-
,प्र-स्थापयामास,भेजा,sent,तीरे,--,"कर्म,3.1",तीर
,,,,हनुमता,हनुमता,"हेतुः,3.1",हनुमान्_से
,दिदृक्षुः,देखने का इच्छुक,Desirous to see,सङ्गतः,सङ्गतः,-,मिला-हुआ
,जनकात्मजाम्,जनक की पुत्री सीता को,to the daughter of Janaka(Sita),वानरेण,वानरेण,"सहार्थः,3.1",बन्दर_से
3.1.A,ततः,उसके बाद,thereafter,ह,ह,"सम्बन्धः,4.1",ह
,गृधस्य,गिद्ध पक्षी के,vulture,.,.,-,-
,वचनात्,कथन से,according to the counsel,,,,
,सम्पातेः,सम्पाति नाम के,Sampati by name,,,,
,हनुमान्,हनुमान्,Hanuman,हनुमद्-,हनुमद्वचनात्,"षष्ठी-तत्पुरुषः,1.2",हनु-वाले
,बली,बलवान्,mighty,वचनात्,,"हेतुः,5.1",वचन_से
,शत-योजन-विस्तीर्णं,सौ योजन विस्तृत (चार सौ कोस),800 miles broad,च,च,"सम्बन्धः,3.1",च1
,,,,एव,एव,"सम्बन्धः,4.1",ही
,,,,सुग्रीवेण,सुग्रीवेण,"सहार्थः,5.1",सुग्रीव_से
,पुप्लुवे,पार किया,leapt across,समागतः,समागतः,-,आया_हुवा
,लवणार्णवम्,खारा सागर को,brackish sea,.,.,-,-
4.1.A,तत्र,वहाँ (लङ्का में),there(in Lanka),सुग्रीवाय,सुग्रीवाय,"प्रयोजनम्,4.1",सुग्रीव_को
,लङ्काम्,लङ्काम्,Lanka,च,च,"सम्बन्धः,1.1",और
,समासाद्य,पहुँच कर,having reached,तत्-,तत्-सर्वं,"कर्मधारयः,3.2",उस
,पुरीम्,नगरी को,the city,सर्वम्,--,"विशेषणम्,9.2",सब_
,रावण-पालिताम्,रावण द्वारा पालित,ruled over by Ravana,(अ)शंसत्,(अ)शंसत्,"अभिहित_कर्ता,5.1;सकर्मक",प्रशंसा_की
,,,,रामः,रामः,"कर्ता,4.1",राम_ने
,ददर्श,देखा,saw,महाबलः,महाबलः,"विशेषणम्,5.1",बहुत_मजबूत
,सीताम्,सीता को,Sita,आदितः,आदितः,"आरम्भ_बिन्दुः,4.1",आदि_से
,ध्यायन्तीम्,स्मरण करती हुई,contemplating(Rama),तत्,तत्,"विशेषणम्,9.2",उस
,अशोक-वनिकाम्,अशोक वाटिका में,in the Ashoka grove,यथा-,यथावृत्तं,"अव्ययीभावः,9.2",
,,,,वृत्तम्,--,"कर्म,4.1",
,गताम्,स्थित,confined,सीतायाः,सीतायाः,"षष्ठीसम्बन्धः,9.2",सीता_के
5.1.A,नि-वेदयित्वा,समर्पित कर,having presented,च,च,"सम्बन्धः,10.1",और
,,,,विशेषतः,विशेषतः,"क्रियाविशेषणम्,4.1",विशेषतः
,अभि-ज्ञानम्,परिचायक वस्तु,the souvenir,.,.,-,-
,,,,रामेण,रामेण,"कर्ता,2.1",राम_के_द्वारा
,प्रवृत्तिम्,घटनाओं को,incidents,प्रीतः,प्रीतः,"विशेषणम्,4.1",प्रसन्न
,वि-नि-वेद्य,बतलाकर,having described,वानरः,वानरः,"अभेदः,4.1",बन्दर
,,,,सुग्रीवः,सुग्रीवः,"कर्ता,14.1;कर्ता,9.1",सुग्रीव_ने
,,,,च,च,"सम्बन्धः,4.1",च2
,च,और,and,अपि,अपि,"सम्बन्धः,5.1",भी
,समाश्वास्य,आश्वस्त कर,having consoled,रामस्य,--,"षष्ठीसम्बन्धः,8.2",राम_के
,च,और,and,तत्-,--,"कर्मधारयः,8.2",तत्-
,वैदेहीम्,सीता को,Sita,सर्वम्,--,"कर्म,9.1",सब
,मर्दयामास,ध्वस्त कर दिया,demolished,श्रुत्वा,--,"पूर्वकालः,14.1",सुन_कर
,तोरणम्,अशोक वाटिका के प्रवेश द्वार को,outer gate of Ashoka garden,अग्नि-,--,"षष्ठी-बहुव्रीहिः,10.2",अग्नि-
6.1.A,पञ्च,पाँच,five,साक्षिकम्,--,"विशेषणम्,11.1",साक्षिक_को
,सेनाग्रगान्,सेनापतियों को,army commanders,सख्यम्,--,"कर्म,14.1",मित्रता_को
,हत्वा,मारकर,having killed,च,--,"सम्बन्धः,11.1",च2
,सप्त,सात,seven,एव,--,"सम्बन्धः,12.1",ही
,मन्त्रि-सुतान्,मंत्रियों के पुत्रा को,sons of ministers,चकार,--,"अभिहित_कर्ता,4.1;सकर्मक",किया
,,,,.,-,-,-
,अपि,भी,also,ततः,ततः,"सम्बन्धः,6.1",वहाँ_से
,शूरम्,शौर्यगुणयुक्त,gallant,वानर-,वानर-राजेन,"षष्ठी-तत्पुरुषः,2.2",वानर-
,अक्षं,अक्ष को,Aksa,राजेन,--,"कर्ता,6.1",राजा_से
,च,और,and,वैर-,वैर-अनुकथनं,"षष्ठी-तत्पुरुषः,3.2",वैर-
,निष्पिष्य,चूर्ण करके,having crushed,अनुकथनम्,--,"आभिमुख्यम्,6.1",अनुकथन_की
,ग्रहणं,ब्रह्मास्त्र बन्धन म,to be bound,प्रति,प्रति,"आभिमुख्य_द्योतकः,3.2",ओर
,समुपागमत्,पहुँच गया,allowed himself,रामाय,रामाय,"प्रयोजनम्,6.1",राम_को
7.1.A,अस्त्रेण,ब्रह्मास्त्र से,by Brahmastra,आवेदितम्,आवेदितं,-,घोषणा_किया_हुआ
,उन्मुक्तम्,मुक्त,released,सर्वम्,सर्वं,"कर्म,6.1",सब_को
,आत्मानम्,अपने आप को,himself,प्रणयात्,प्रणयात्,"हेतुः,9.1",विवाह_करने_से
,ज्ञात्वा,जानकर,having known,दुःखितेन,दुःखितेन,"विशेषणम्,2.2",दुःखी_से
,पैतामहात्,ब्रह्मा से प्राप्त,received from Pitamaha Brahma,च,च,"सम्बन्धः,9.1",च2
,वरात्,वरदान के कारण,in consequence of boon by the missiles,.,.,-,-
,मषर्यन्,सहन करते हुए,bearing with,प्रतिज्ञातम्,प्रतिज्ञातं,-,सहमत_को
,राक्षसान्,राक्षसों को,demons,च,च,"सम्बन्धः,1.1",च1
,वीरः,वीर,the hero (Hanuman),रामेण,रामेण,"कर्ता,1.1",राम_से
,यन्त्रिणः,बांधकर ले जानेवाले,who can bind him in bondage,तदा,तदा,"कालाधिकरणम्,1.1",तब
,तान्,उनको,those,वालि-,वालि-वधं,"षष्ठी-तत्पुरुषः,5.2",वालि-
,यदृच्छया,अपनी इच्छा से,deliberately,वधम्,--,"आभिमुख्यम्,1.1",वध_की
8.1.A,ततः,उसके बाद,thereafter,प्रति,प्रति,"आभिमुख्य_द्योतकः,1.1",ओर
,दग्ध्वा,जलाकर,having set on fire,.,.,-,-
,पुरीं,पुरीं,the city,वालिनः,वालिनः,"षष्ठीसम्बन्धः,3.1",वालियों_को
,लङ्काम्,लङ्काम्,to the Lanka by name,च,च,"सम्बन्धः,1.1",च1
,ऋते,छोड.कर,leaving,बलम्,बलं,"कर्म,5.1",बल_को
,सीतां,सीतां,सीतां,तत्र,तत्र,"देशाधिकरणम्,5.1",वहाँ
,च,और,and,कथयामास,कथयामास,"अभिहित_कर्ता,6.1;सकर्मक",कहा
,मैथिलीम्,मिथिला नरेश की पुत्री,to the princess of Mithila,वानरः,वानरः,"कर्ता,5.1",बन्दर
,रामाय,राम को,to Rama,.,.,-,-
,प्रियम्,प्रिय,delightful,सुग्रीवः,सुग्रीवः,"कर्ता,4.1",सुग्रीव_ने
,आख्यातुम्,कहने के लिए,to say,शङ्कितः,शङ्कितः,"विधेय_विशेषणम्,1.1",सन्दिग्ध
,पुनः,फिर,again,च,च,"सम्बन्धः,1.1",च1
,आयात्,आया,returned back,आसीत्,आसीत्,"अभिहित_कर्ता,2.1",था
,महा-कपिः,वानर श्रेष्ठ (हनुमान्),the great monkey (Hanuman),नित्यम्,नित्यं,"क्रियाविशेषणम्,2.1",नित्य
,,,,वीर्येण,वीर्येण,"हेतुः,2.1",शूरवीरते_के_द्वारा
9.1.A,सः,वह हनुमान्,he (Hanuman),राघवे,राघवे,"अधिकरणम्,2.1",रघुवंशी_में
,अभि-गम्य,पास जाकर,having approached,.,.,-,-
,,,,राघव-,राघव-प्रत्ययार्थं,"षष्ठी-तत्पुरुषः,1.2",राघव-
,महात्मानम्,महान्,high souled,प्रत्यय-,--,"चतुर्थी-तत्पुरुषः,1.3",
,कृत्वा,करके,having done,अर्थम्,--,"प्रयोजनम्,6.1",
,रामं,रामं,to Rama,तु,तु,"सम्बन्धः,1.3",तो
,प्र-दक्षिणम्,प्र-दक्षिणम्,moving around clockwise,दुन्दुभेः,दुन्दुभेः,"षष्ठीसम्बन्धः,4.1",कृष्ण_के
,,,,कायम्,कायम्,"कर्म,6.1",शरीर
,न्यवेदयत्,निवेदन किया,submitted,उत्तमम्,उत्तमम्,"विशेषणम्,4.1",अच्छे
,अमेयात्मा,अपरिमेय बुद्धि सम्पन्न,having unmeasurable intelligence,दर्शयामास,दर्शयामास,"अभिहित_कर्ता,7.1;सकर्मक",दिखाया
,दृष्टा,देखी गई,had been seen,सुग्रीवः,सुग्रीवः,"प्रयोजककर्ता,6.1",सुग्रीव
,सीता,सीता,Sita,महा-,महा-पर्वत-संनिभम्,"कर्मधारयः,8.2",महा-
,इति,इस प्रकार,that,पर्वत-,--,"तृतीया-तत्पुरुषः,8.3",पर्वत-
,तत्त्वतः,वस्तुतः,in reality,संनिभम्,--,"विशेषणम्,4.1",सन्निभ
10.1.A,ततः,उसके बाद,thereafter,.,.,-,-
,सुग्रीव-सहितः,सुग्रीव के साथ,accompanied by Sugriva,उत्स्मयित्वा,उत्स्मयित्वा,"पूर्वकालः,8.1",हँस_कर
,,,,महा-,महा-बाहुः,"षष्ठी-बहुव्रीहिः,2.2",महा-
,गत्वा,जाकर,having moved,बाहुः,--,"विशेषणम्,6.2",भुजा
,तीरं,तट को,to the shore,प्रेक्ष्य,प्रेक्ष्य,"समुच्चितः,1.1",प्र_ईक्ष्1_कर
,महोदधेः,समुद्र के,of the great ocean,च,च,"समुच्चय_द्योतकः,3.1",च1
,समुद्रं,समुद्र को,to the sea,अस्थि,अस्थि,"कर्म,3.1",हड्डी
,क्षोभयामास,आकुल किया,shook to its lowest depth,महा-,महा-बलः,"षष्ठी-बहुव्रीहिः,6.2",महा-
,शरैः,बाणों से,with arrows,बलः,--,"कर्ता,8.1;कर्ता,3.1;कर्ता,1.1",बल_ने
,आदित्य-सन्निभैः,आदित्य-सन्निभैः,like the glorious sun,पाद-,पाद-अङ्गुष्ठेन,"षष्ठी-तत्पुरुषः,7.2",पाद-
,,,,अङ्गुष्ठेन,--,"करणम्,8.1",अंगूठे_से
11.1.A,दर्शयामास,दिखाया,revealed,चिक्षेप,चिक्षेप,"अभिहित_कर्ता,6.2;सकर्मक",फेका
,च,और,and,सम्पूर्णम्,सम्पूर्णं,"विशेषणम्,10.2",संपूर्ण_को
,आत्मानम्,अपने आप को,himself,दश-,दश-योजनम्,"कर्मधारयः,10.2",दश-
,समुद्रः,समुद्र,ocean,योजनम्,--,"कर्ता,8.1",योजन
,सरितां,नदिया के,of the rivers,.,.,-,-
,पतिः,पति,the lord,बिभेद,बिभेद,"अभिहित_कर्ता,12.1;सकर्मक",चीरा
,समुद्र-वचनात्,समुद्र-कथन से,at the intercession of the sea,च,च,"सम्बन्धः,1.1",च1
,,,,पुनः,पुनः,"क्रियाविशेषणम्,1.1",फिर
,च,और,and,सालान्,सालान्,"समुच्चितः,9.1",सालों_को
,एव,ही,only,सप्त,सप्त,"विशेषणम्,4.1",सात
,नलं,नल से,by Nala,एकेन,एकेन,"विशेषणम्,7.2",एक
,सेतुम्,पुल,a bridge,महा-,महा-इषुणा,"कर्मधारयः,7.2",महा-
,अकारयत्,बनवाया,caused to build,इषुणा,--,"करणम्,1.1",बाण_से
,1.Aश्लोक,1.Fश्लोक,1.Gश्लोक,गिरिम्,गिरिं,"समुच्चितः,9.1",पर्वत_को
2.1.A,तेन,उस पुल से,with that,रसातलम्,रसातलं,"कर्म,1.1",रसातल_को
,गत्वा,जाकर,having reached,च,च,"समुच्चय_द्योतकः,9.1",च2
,पुरीम्,पुरी को,to the city,एव,एव,"सम्बन्धः,10.1",ही
,लङ्काम्,लङ्का को,Lanka,जनयन्,जनयन्,"वर्तमानसमानकालः,1.1",उत्पन्न_कराता_हुआ
,हत्वा,मारकर,having killed,प्रत्ययम्,प्रत्ययं,"कर्म,12.1",प्रत्यय
,रावणम्,रावण को,to Ravana,तदा,तदा,"कालाधिकरणम्,1.1",तब
,आहवे,युद्ध में,in combat,.,.,-,-
,रामः,राम,shri Rama,ततः,ततः,"सम्बन्धः,11.1",वहाँ_से
,सीताम्,सीता को,to Sita,प्रीत-,प्रीत-मनाः,"षष्ठी-बहुव्रीहिः,2.2",
,अनु-प्राप्य,प्राप्त कर,having got back,मनाः,--,"विशेषणम्,5.1",मनस्
,,,,तेन,तेन,"कर्ता,4.1",उसके_द्वारा
,पराम्,अत्यधिक,great,विश्वस्तः,विश्वस्तः,"विशेषणम्,5.1",विश्वस्त
,व्रीडाम्,लज्जा को,sense of shame,सः,सः,"कर्ता,11.1",वह
,उपागमत्,अनुभव किया,experienced(felt),महा-,महा-कपिः,"कर्मधारयः,6.2",महा-
3.1.A,ताम्,उस (सीता) को,to her(Sita),कपिः,--,"विशेषणम्,5.1",बंदर
,उवाच,बोले,spoke,तदा,--,"कालाधिकरणम्,11.1",तब
,ततः,तब,then,राम-,--,"तृतीया-तत्पुरुषः,8.2",राम-
,रामः,राम,shri Rama,सहितः,--,"विशेषणम्,5.1",साथ
,परुषम्,कठोर,harsh (words),किष्किन्धाम्,--,"विशेषणम्,10.1",किष्किन्धा
,जन-संसदि,लोगों के समुदाय में,in the assembly,गुहाम्,--,"कर्म,11.1",गुफा
,,,,जगाम,--,"अभिहित_कर्ता,5.1;सकर्मक",गया
,अमृष्यमाणा,न सहन करती हुई,resenting,च,--,"सम्बन्धः,11.1",च1
,सा,वह (सीता),she,.,-,-,-
,सीता,सीता,Sita,ततः,ततः,"सम्बन्धः,2.1",वहाँ_से
,विवेश,प्रवेश कर गयी,entered,अगर्जत्,अगर्जत्,"अभिहित_कर्ता,4.1",गरजा
,ज्वलनम्,अग्नि (में),in fire,हरि-,हरि-वरः,"षष्ठी-तत्पुरुषः,3.2",हरि-
,सती,सती,chaste,वरः,--,"विशेषणम्,4.1",श्रेष्ठ
4.1.A,ततः,तब,then,सुग्रीवः,सुग्रीवः,"कर्ता,2.1",सुग्रीव_ने
,अग्नि-वचनात्,अग्निदेव के वचन से,from the words of fire god,हेम-,हेम-पिङ्गलः,"बहुव्रीहिः,5.2",हेम-
,,,,पिङ्गलः,--,"विशेषणम्,4.1",पिङ्गल
,सीताम्,सीता को,Sita,.,.,-,-
,ज्ञात्वा,जानकर,having known,,,,
,विगत-कल्मषाम्,दोषरहित,sinless,,,,
,,,,तेन,तेन,"विशेषणम्,2.1",उस
,कर्मणा,कार्य से,feat(achievment),नादेन,नादेन,"हेतुः,4.1",नाद_से
,तेन,पूर्वोक्त,with that,महता,महता,"विशेषणम्,2.1",महान्
,महता,श्रेष्ठ,remarkable,निर्जगाम,निर्जगाम,"अभिहित_कर्ता,5.2",आगे_गया
,त्रैलोक्यम्,तीनों लोक,all the three worlds,हरि-,हरि-ईश्वरः,"षष्ठी-तत्पुरुषः,5.2",हरि-
,स-चराचरम्,जड एवं चेतन,comprising animate and inanimate creature,ईश्वरः,--,"कर्ता,4.1",ईश्वर_ने
,,,,.,.,-,-
5.1.A,स-देवर्षि-गणं,देवर्षिगणों से,,,,,
,,,,,,,
,,,,अनुमान्य,अनुमान्य,"पूर्वकालः,5.1",स्वीकृति_दिला_कर
,तुष्टं,प्रसन्न हुए,pleased,तदा,तदा,"कालाधिकरणम्,5.1",तब
,राघवस्य,राम के,of shri Rama,ताराम्,तारां,"कर्म,1.1",तारा
,महात्मनः,महापुरुष,of the high souled,सुग्रीवेण,सुग्रीवेण,"सहार्थः,5.1",सुग्रीव_से
,बभौ,हुए,was,समागतः,समागतः,-,आया_हुवा
,रामः,राम,shri Rama,.,.,-,-
,सम्-प्रहृष्टः,प्रसन्न हुए,extremely delighted,निजघान,निजघान,"अभिहित_कर्ता,7.1;सकर्मक",समूल_नष्ट_किया
,,,,च,च,"सम्बन्धः,1.1",च1
,पूजितः,पूजित,honoured,तत्र,तत्र,"देशाधिकरणम्,1.1",वहाँ
,सर्व-दैवतैः,सभी देवताओं से,by all the gods,एनम्,एनं,"कर्म,1.1",इसको
,,,,शरेण,शरेण,"करणम्,1.1",बाण_से
6.1.A,अभि-षिच्य,अभिषिक्त कर,having installed,एकेन,एकेन,"विशेषणम्,5.1",एक
,,,,राघवः,राघवः,"कर्ता,1.1",रघुवंशी_ने
,च,और,and,.,.,-,-
,लङ्कायाम्,लङ्का में,on the throne of Lanka,ततः,ततः,"सम्बन्धः,10.1",वहाँ_से
,राक्षसेन्द्रम्,राक्षसराज,the chief of ogres,सुग्रीव-,सुग्रीव-वचनात्,"षष्ठी-तत्पुरुषः,2.2",सुग्रीव-
,वि-भीषणम्,वि-भीषणम्,Vibhishana,वचनात्,--,"हेतुः,3.1",वचन_से
,,,,हत्वा,हत्वा,"पूर्वकालः,10.1",मार_कर
,कृत-कृत्यः,कृत-कृत्यः,felt accomplished of purpose,वालिनम्,वालिनम्,"कर्म,3.1",वाली
,,,,आहवे,आहवे,"अधिकरणम्,3.1",युद्ध_में
,तदा,उसी दिन,then,सुग्रीवम्,सुग्रीवम्,"कर्म,10.1",सुग्रीव
,रामः,राम,shri Rama,एव,एव,"सम्बन्धः,6.1",ही
,वि-ज्वरः,वि-ज्वरः,rid of anxiety,तद्-,तद्-राज्ये,"सप्तमी-तत्पुरुषः,8.2",तद्-
,,,,राज्ये,--,"अधिकरणम्,10.1",राज्य_में
,प्र-मुमोद,प्र-मुमोद,greatly rejoiced,राघवः,राघवः,"प्रयोजककर्ता,10.1;कर्ता,3.1",रघुवंशी
,,,,प्रत्यपादयत्,प्रत्यपादयत्,"अभिहित_कर्ता,9.1;सकर्मक",
,ह,ह,ह,.,.,-,-
,85,85,85,सः,सः,"प्रयोजककर्ता,8.1;कर्ता,4.1",वह
7.1.A,देवताभ्यः,देवताौओं से,from the gods,च,च,"सम्बन्धः,1.1",च1
,वरम्,वरदान,a boon,सर्वान्,सर्वान्,"विशेषणम्,5.1",सब_
,प्राप्य,प्राप्त कर,having received,समानीय,समानीय,"पूर्वकालः,8.1",मिला_कर
,समुत्थाप्य,सचेत करके,having aroused,वानरान्,वानरान्,"प्रयोज्यकर्ता,8.1;कर्म,4.1",बन्दर
,च,और,and,वानरर्षभः,वानरर्षभः,"विशेषणम्,1.1",वानरश्रेष्ठ
,वानरान्,वानरान्,to the monkeys,दिशः,दिशः,"कर्म,8.1",स्थानों_को
,अयोध्याम्,अयोध्या (की ओर),to Ayodhaya,प्रस्थापयामास,प्रस्थापयामास,"अभिहित_कर्ता,7.1;सकर्मक",विद्यमान_किया
,प्र-स्थितः,प्र-स्थितः,flew,दिदृक्षुः,दिदृक्षुः,"विशेषणम्,1.1",
,,,,जनक-,जनक-आत्मजाम्,"षष्ठी-तत्पुरुषः,10.2",जनक-
,रामः,राम,shri Rama,आत्मजाम्,--,"कर्म,9.1",पुत्री
,पुष्पकेण,पुष्पक विमान से,by pushpaka,.,.,-,-
,सुहृद्-वृतः,सुहृद्-वृतः,accompanied by his relations and friends,ततः,ततः,"सम्बन्धः,8.1",वहाँ_से
,,,,गृध्रस्य,गृध्रस्य,"विशेषणम्,4.1",लोभी
8.1.A,भरद्वाजाश्रमम्,भरद्वाज के आश्रम,the hermitage of the sage,वचनात्,वचनात्,"हेतुः,8.1",वचन_से
,गत्वा,जाकर,having reached,सम्पातेः,सम्पातेः,"षष्ठीसम्बन्धः,3.1",सम्पाति_के
,आ-रामः,आ-राम,one who gives pleasure to all,हनुमान्,हनुमान्,"कर्ता,8.1",ठोडी
,,,,बली,बली,"विशेषणम्,5.1",भैंसा
,सत्य-पराक्रमः,सत्य-पराक्रमः,having unfailing prowess,शत-,शत-योजन-विस्तीर्णं,"कर्मधारय,7.2",शत-
,,,,योजन-,--,"षष्ठी-बहुव्रीहिः,7.3",योजन-
,भरतस्य,भरत के,of Bharata,विस्तीर्णम्,--,"विशेषणम्,9.2",बिछाया_गये_को
,अन्तिके,समीप,to the presence,पुप्लुवे,पुप्लुवे,"अभिहित_कर्ता,6.1;सकर्मक",गया
,रामः,राम,shri Rama,लवण-,लवण-अर्णवम्,"षष्ठी-तत्पुरुषः,9.2",लवण-
,हनूमन्तम्,हनुमान् को,to Hanuman,अर्णवम्,--,"कर्म,8.1",अर्णव
,व्यसर्जयत्,भेजा,"despatched,sent",.,.,-,-
9.1.A,पुनः,फिर,once more,तत्र,तत्र,"देशाधिकरणम्,10.1",वहाँ
,आख्यायिकाम्,वृत्तान्त,past history,रावण-,--,"तृतीया_तत्पुरुषः,2.2",रावण-
,जल्पन्,कहते हुए,narrating,पालिताम्,--,"विशेषणम्,4.1",पालित
,सुग्रीव-सहितः,सुग्रीव-सहितः,accompanied by Sugriva,लङ्काम्,--,"विशेषणम्,4.1",लङ्का
,,,,पुरीम्,--,"कर्म,5.1",पुरी
,तदा,तदा,then,समासाद्य,--,"पूर्वकालः,10.1",भेज_कर
,पुष्पकम्,पुष्पकम्,Pushpakam,अशोक-,--,"कर्मधारयः,6.2",अशोक-
,तत्,तत्,that,वनिकाम्,--,"कर्म,7.1",छोटी_जंग_को
,समारुह्य,बैठकर,having boarded,गताम्,--,"विशेषणम्,9.1",
,नन्दि-ग्रामम्,नन्दि-ग्रामम्,to Nandigrama,ध्यायन्तीम्,--,"विशेषणम्,9.1",ध्यान_करतीं_हुईं
,,,,सीताम्,--,"कर्म,10.1",सीता_को
,ययौ,पहुँचे,flew,ददर्श,--,-,देखा
,तदा,उसी दिन,then,.,-,-,-
10.1.A,नन्दि-ग्रामे,नन्दि-ग्रामे,at Nandigrama,निवेदयित्वा,निवेदयित्वा,"समुच्चितः,6.1",निवेदन_करके
,,,,अभिज्ञानम्,अभि_ज्ञनम्,"कर्म,1.1",अभिज्ञान
,जटाम्,जटा को,matted hair,प्रवृत्तिम्,प्रवृत्तिं,"कर्म,4.1",प्रवृत्ति
,हित्वा,त्यागकर,having disentangled,विनिवेद्य,विनिवेद्य,"समुच्चितः,6.1",वि_नि_विद्1_कर
,भ्रातृभिः,भ्रातृभिः,with brothers,च,च,"समुच्चय_द्योतकः,4.1",च2
,सहितः,सहितः,accompanied,समाश्वास्य,समाश्वास्य,"पूर्वकालः,9.1",साहसी_करके
,अनघः,अनघः,the sinless,च,च,"समुच्चय_द्योतकः,6.1",च2
,रामः,राम,shri Rama,वैदेहीम्,वैदेहीं,"कर्म,6.1",सीता
,सीताम्,सीता को,Sita,मर्दयामास,मर्दयामास,-,
,अनु-प्राप्य,अनु-प्राप्त कर,having got back,तोरणम्,तोरणम्,"कर्म,9.1",तोरण_को
,,,,.,.,-,-
,राज्यम्,राज्य को,(his) kingdom,पञ्च,पञ्च,"विशेषणम्,2.2",
,पुनः,फिर,once more,सेन-,सेन-अग्रगान्,"षष्ठी-तत्पुरुषः,2.2",सेन-
,अवाप्तवान्,अवाप्तवान्,regained,अग्रगान्,--,"समुच्चितः,5.2",
11.1.A,प्रहृष्ट-मुदितः,प्रहृष्ट-मुदितः,much delighted,हत्वा,हत्वा,"पूर्वकालः,12.1",मार_कर
,,,,सप्त,सप्त,"विशेषणम्,5.2",सात
,लोकः,लोग,people,मन्त्रि-,मन्त्रि-सुतान्,"षष्ठी-तत्पुरुषः,5.2",मन्त्रि-
,तुष्टः,सन्तुष्ट,cheerful or contended,सुतान्,--,"कर्म,3.1",पुत्र
,पुष्टः,पुष्ट,well-fed,अपि,अपि,"समुच्चय_द्योतकः,5.2",भी
,सु-धार्मिकः,सु-धार्मिकः,exceedingly pious,शूरम्,शूरम्,"विशेषणम्,8.1",शूर
,,,,अक्षम्,अक्षं,"कर्म,10.1",धुरा
,निरामयः,निरामयः,free from mental agony,च,च,"सम्बन्धः,8.1",च1
,हि,तो,positively,निष्पिष्य,निष्पिष्य,"पूर्वकालः,12.1",कूट_कर
,अरोगः,शारीरिक रोग रहित,free from bodily ailment,ग्रहणं,ग्रहणं,"कर्म,12.1",ग्रहण_के
,च,और,and,समुपागमत्,समुपागमत्,-,पास_पहुँचा
,दुर्भिक्ष-भय-वर्जितः,दुर्भिक्ष-भय-वर्जितः,rid of famine and fear,.,.,-,-
,,,,अस्त्रेण,अस्त्रेण,"करणम्,2.1",अस्त्र_से
,,,,उन्मुक्तम्,उन्मुक्तम्,"कर्म,4.1",उत्_मुच्1या_हुआ
,1.Aश्लोक,1.Fश्लोक,1.Gश्लोक,आत्मानम्,आत्मानं,"कर्म,2.1",आत्मा
2.1.A,न,न,nor,ज्ञात्वा,ज्ञात्वा,"पूर्वकालः,14.1",जान_कर
,पुत्र-मरणं,पुत्र मरण,death of (their) son or daughter,पैतामहात्,पैतामहात्,"विशेषणम्,6.1",पैतामह
,,,,वरात्,वरात्,"हेतुः,2.1",श्रेष्ठ_से
,केचित्,कोई,any,मर्षयन्,मर्षयन्,"वर्तमानसमानकालः,14.1",सिंचवाता_हुआ
,द्रक्ष्यन्ति,देखेगा,will witness,राक्षसान्,राक्षसान्,"कर्म,7.1",राक्षस
,पुरुषः,पुरुष,men,वीरः,वीरः,"कर्ता,14.1;कर्ता,4.1",वीर
,क्वचित्,कहीं,where,यन्त्रिणः,यन्त्रिणः,"विशेषणम्,8.1",जो_जीन_व_साज_से_सुसज्जित_हो_की
,नार्यः,नारियाँ,women,तान्,तान्,"विशेषणम्,8.1",उन
,च,और,and,यदृच्छया,यदृच्छया,"हेतुः,14.1",स्वेच्छा_से
,अविधवाः,अविधवा,not widows,(रावणम्),(रावणं),"कर्म,14.1",रावण_को
,नित्यं,--,ever,(प्राप्तवान्),(प्राप्तवान्),-,प्राप्त_हुआ
,भविष्यन्ति,रहेगीं,will be,.,.,-,-
,पति-व्रताः,पतिव्रता,will be ever devoted to their husbands,ततः,ततः,"सम्बन्धः,13.1",वहाँ_से
,,,,दग्ध्वा,दग्ध्वा,"पूर्वकालः,13.1",जला_कर
3.1.A,न,न,nor,पुरीम्,पुरीं,"कर्म,2.1",पुरी_को
,च,और,and,लङ्काम्,लङ्काम्,"विशेषणम्,3.1",लङ्का_को
,अग्नि-जम्,अग्नि से होने वाला,caused by fire,ऋते,ऋते,"विनार्थ_द्योतकः,6.1",ऋत_में
,,,,सीताम्,सीतां,"विनार्थः,13.1",सीता
,भयम्,भय,fear,च,च,"सम्बन्धः,6.1",च2
,किञ्चित्,कोई,any,मैथिलीम्,मैथिलीम्,"विशेषणम्,6.1",सीता
,न,न,nor,रामाय,रामाय,"प्रयोजनम्,11.1",राम_के_लिये
,अप्सु,जल में,in water,प्रियम्,प्रियम्,"कर्म,11.1",प्रिय
,मज्जन्ति,डूबते हैं,be drowned,आख्यातुम्,आख्यातुं,"प्रयोजनम्,13.1",कहने~के_लिये
,जन्तवः,प्राणी,living beings,पुनः,पुनः,"क्रियाविशेषणम्,13.1",फिर
,न,न,nor,आयात्,आयात्,"अभिहित_कर्ता,14.2;सकर्मक",आङ्_या1या
,वातजम्,वायु सम्बद्ध,caused by wind,महा-,महा-कपिः,"कर्मधारयः,14.2",महा-
,भयम्,भय,fear,कपिः,--,"कर्ता,13.1;कर्ता,2.1",बंदर_ने
,किञ्चित्,कोई,any,.,.,-,-
,न,न,nor,सः,सः,"विशेषणम्,8.2",वह
,अपि,भी,also,अभिगम्य,अभिगम्य,"पूर्वकालः,7.1",निकट_जा_कर
,ज्वर-कृतं,ज्वर से,(fear) caused by fever,महा-,महा-आत्मानम्,"बहुव्रीहिः,3.2",
,,,,आत्मानम्,--,"विशेषणम्,5.1",
,तथा,और,and (other sacrifices),कृत्वा,कृत्वा,"पूर्वकालः,7.1",मार_डाल_कर
4.1.A,न,न,nor,रामम्,रामं,"कर्म,2.1",राम_को
,च,और,and,प्रदक्षिणम्,प्रदक्षिणम्,"कर्म,4.1",प्रदक्षिण
,अपि,भी,also,न्यवेदयत्,न्यवेदयत्,"अभिहित_कर्ता,8.2;सकर्मक",निवेदन_किया
,क्षुद्-भयं,भूख का भय,fear of starvation,अमेय-,अमेय-आत्मा,"बहुव्रीहिः,8.2",
,,,,आत्मा,--,"कर्ता,7.1;कर्ता,4.1;कर्ता,2.1",
,तत्र,वहाँ न (राम राज्य में),there,दृष्टा,दृष्टा,"वाक्यकर्म,7.1",दृष्ट
,न,न,nor,सीता,सीता,"कर्म,9.1",सीता
,तस्कर-भयं,चोर का भय,the fear of thieves,इति,इति,"वाक्यकर्म_द्योतकः,9.1",ऐसा
,,,,तत्त्वतः,तत्त्वतः,"क्रियाविशेषणम्,9.1",वस्तुतः
,तथा,और,and,.,.,-,-
,नगराणि,नगर,cities,ततः,ततः,"सम्बन्धः,7.1",वहाँ_से
,च,और,and,सुग्रीव-,सुग्रीव-सहितः,"तृतीया-तत्पुरुषः,2.2",सुग्रीव-
,राष्ट्राणि,प्रदेश,states,सहितः,--,"सहार्थः,3.1",सहन_करने_वाली_को
,धन-धान्य-युतानि,सर्वसमृद्धिशाली,(will be) full of riches and food grains,गत्वा,गत्वा,"पूर्वकालः,7.1",जा_कर
,,,,तीरम्,तीरं,"कर्म,3.1",तीर
,,,,महा-,महा-उदधेः,"कर्मधारयः,5.2",
,च,और,and,उदधेः,--,"षष्ठीसम्बन्धः,4.1",समुद्र_के
,93,93,93,समुद्रम्,समुद्रं,"कर्म,7.1",समुद्र
5.1.A,नित्यं,हमेशा,ever,क्षोभयामास,क्षोभयामास,-,मथाये
,प्र-मुदिताः,प्रसन्न,extremely happy,शरैः,शरैः,"करणम्,7.1",बाणों_से
,,,,आदित्य-,आदित्य-सन्निभैः,"बहुव्रीहिः,9.2",आदित्य-
,सर्वे,सभी लोग,all,सन्निभैः,--,"विशेषणम्,8.1",सन्निभ
,यथा,जैसे,as,.,.,-,-
,कृत-युगे,सतयुग में,in Satyayuga,दर्शयामास,दर्शयामास,"अभिहित_कर्ता,4.1;सकर्मक",दिखाया
,,,,च,च,"सम्बन्धः,1.1",च1
,तथा,वैसे,-,आत्मानम्,आत्मानं,"कर्म,1.1",आत्मा
,अश्वमेध-शतैः,सैकडों अश्वमेधों से,through hundreds of horse sacrifices,समुद्रः,समुद्रः,"प्रयोजककर्ता,1.1",समुद्र
,,,,सरिताम्,सरितां,"षष्ठीसम्बन्धः,6.1",नदियों_की
,इष्ट्वा,यज्ञों को करके,having propitiated,पतिः,पतिः,"विशेषणम्,4.1",पति
,तथा,और,and (other sacrifices),.,.,-,-
,बहु-सुवर्णकैः,प्रचुर सुवर्ण के उपयोग वाले,involving the use of abundant gold,(रामः),(रामः),"प्रयोजककर्ता,7.1",राम
,,,,समुद्र-,समुद्र-वचनात्,"षष्ठी-तत्पुरुषः,2.2",समुद्र-
,94,94,94,वचनात्,--,"हेतुः,7.1",वचन_से
6.1.A,गवां,गौओं के,of cows,च,च,"सम्बन्धः,2.2",च1
,कोट्ययुतं,दस हजार करोड,billion,एव,एव,"सम्बन्धः,3.1",ही
,दत्त्वा,देकर,having given,नलम्,नलं,"प्रयोज्यकर्ता,7.1",नल
,विद्वद्भ्यः,विद्वानों (को),on the learned,सेतुम्,सेतुम्,"कर्म,7.1",सेतु_को
,विधि-पूर्वकम्,विधि विधान के अनुसार,bestowed with due ceremony,अकारयत्,अकारयत्,"अभिहित_कर्ता,1.1;सकर्मक",कराया
,,,,.,.,-,-
,असंख्येयं,असंख्येय,uncountable,तेन,तेन,"करणम्,2.1",उससे
,धनं,धन को,riches,गत्वा,गत्वा,"पूर्वकालः,13.1",जा_कर
,दत्त्वा,देकर,having given,पुरीम्,पुरीं,"कर्म,2.1",पुरी
,ब्राह्मणेभ्यः,ब्राह्मणों (को),Brahmins,लङ्काम्,लङ्कां,"विशेषणम्,3.1",लङ्का
,महा-यशाः,महान् यश वाले,having great fame,हत्वा,हत्वा,"पूर्वकालः,13.1",मार_कर
,,,,रावणम्,रावणम्,"कर्म,5.1",रावण
,95,95,95,आहवे,आहवे,"अधिकरणम्,5.1",युद्ध_में
7.1.A,राज-वंशान्,राजवंशों को,to royal dynasties,रामः,रामः,"कर्ता,13.1;कर्ता,10.1;कर्ता,5.1;कर्ता,2.1",राम_ने
,,,,सीताम्,सीताम्,"कर्म,10.1",सीता_को
,शत-गुणान्,सौ गुने,a hundred times,अनुप्राप्य,अनुप्राप्य,"पूर्वकालः,13.1",प्राप्त_करके
,,,,पराम्,परां,"विशेषणम्,12.1",परा_
,स्थापयिष्यति,स्थापित करेगा,will establish,व्रीडाम्,व्रीडाम्,"कर्म,13.1",लज्जा_को
,राघवः,राम,Sri Rama,उपागमत्,उपागमत्,"अभिहित_कर्ता,8.1;सकर्मक",पास_आया
,चातुर्वण्यं,चारो वर्णों को,four grades of society,.,.,-,-
,च,और,and,ताम्,ताम्,"कर्म,2.1",वह
,लोके,लोक में,society,उवाच,उवाच,"अभिहित_कर्ता,4.1;सकर्मक",बोला
,अस्मिन्,इस,in this,ततः,ततः,"सम्बन्धः,2.1",वहाँ_से
,स्वे-स्वे,अपने अपने,their own,रामः,रामः,"कर्ता,2.1",राम
,,,,परुषम्,परुषं,"कर्म,2.1",कठोर
,धर्मे,धर्म में,duties,जन-,जन-संसदि,"षष्ठी-तत्पुरुषः,6.2",जन-
,नि-योक्ष्यति,लगाएगा,will direct,संसदि,--,"अधिकरणम्,2.1",सभा_में
,,,,.,.,-,-
,96,96,96,अ-,अ-मृष्यमाणा,"नञ्-तत्पुरुषः,1.2",अ-
8.1.A,दश-वर्ष-सहस्राणि,दश हजार वर्ष,ten thousand years,मृष्यमाणा,--,"विशेषणम्,3.1",
,,,,सा,सा,"विशेषणम्,3.1",वह
,,,,सीता,सीता,"कर्ता,4.1",सीता_ने
,दश-वर्ष-शतानि,एक हजार वर्ष,one thousand years,विवेश,विवेश,"अभिहित_कर्ता,3.1;सकर्मक",अन्दर_प्रवेश_की
,,,,ज्वलनम्,ज्वलनं,"कर्म,4.1",जलने_को
,,,,सती,सती,"विशेषणम्,3.1",सती
,च,और,and,.,.,-,-
,रामः,राम,shri Rama,ततः,ततः,"सम्बन्धः,6.1",वहाँ_से
,राज्यम्,राज्य (की),(his) kingdom,अग्नि-,अग्नि-वचनात्,"षष्ठी-तत्पुरुषः,2.2",अग्नि-
,उपासित्वा,सेवा करके,having served,वचनात्,--,"हेतुः,4.1",वचन_से
,ब्रह्मलोकं,ब्रह्मलोक को,to Brahmaloka,सीताम्,सीतां,"कर्म,4.1",सीता_को
,प्र-यास्यति,जाएगा,will ascend,ज्ञात्वा,ज्ञात्वा,"पूर्वकालः,8.1",जान_कर
,,,,विगत-,विगत-कल्मषाम्,"बहुव्रीहिः,5.2",
9.1.A,इदम्,यह राम का चरित,this(narrative story of Rama),कल्मषाम्,--,"विधेय_विशेषणम्,3.1",कल्मषे_को
,पवित्रम्,पवित्र,capable of purifying,बभौ,बभौ,"अभिहित_कर्ता,7.1;सकर्मक",भा1या
,पापघ्नम्,पापनाशक,capable of wiping out sins,रामः,रामः,"कर्ता,6.1",राम_ने
,पुण्यम्,पुण्य,sacred,सम्प्रहृष्टः,सम्प्रहृष्टः,"विशेषणम्,7.1",सम्_प्र_हृष्या_हुआ
,वैदैः,वेदों से,as par with the Vedas,पूजितः,पूजितः,"विधेय_विशेषणम्,7.1",पूजित
,च,और,and,सर्व-,सर्व-दैवतैः,"कर्मधारयः,10.2",सर्व-
,सम्मितम्,सम्मत,treated,दैवतैः,--,"कर्ता,9.1",दैवतों_के_द्वारा
,यः,जो (व्यक्ति),(he) who,.,.,-,-
,पठेत्,पढे,reads,कर्मणा,कर्मणा,"हेतुः,7.1",कर्म
,राम-चरितम्,राम की कथा,narrative of Sri Rama,तेन,तेन,"विशेषणम्,1.1",उससे
,,,,महता,महता,"विशेषणम्,1.1",महान्
,सर्व-पापैः,सभी पापों से,from all sins,त्रैलोक्यम्,त्रैलोक्यं,"कर्ता,7.1",
,,,,स-,स-चर-अ-चरम्,"बहुव्रीहिः,5.2",स-
,प्र-मुच्यते,मुक्त हो जाता है,will be completely absolved,चर-,--,"द्वन्द्वः,5.3",चर-
,,,,अ-,--,"नञ्-तत्पुरुषः,5.4",अ-
10.1.A,एतत्,यह,this,चरम्,--,"विशेषणम्,4.1",चर
,आख्यानम्,कथा को,narrative,स-,स-देव-ऋषि-गणं,"बहुव्रीहिः,6.2",स-
,आयुष्यं,दीर्घायुष्य कारक,conducive to longevity,देव-,--,"द्वन्द्वः,6.3",देव-
,पठन्,पढता हुआ,by reading (it),ऋषि-,--,"षष्ठी-तत्पुरुषः,6.4",ऋषि-
,रामायणं,रामायण को,related to Rama,गणम्,--,"विशेषणम्,4.1",गण
,नरः,मनुष्य,a man,तुष्टम्,तुष्टं,,प्रसन्न
,स-पुत्र-पौत्रः,पुत्र पौत्र के साथ,along with his sons and grand-sons,राघवस्य,राघवस्य,"षष्ठीसम्बन्धः,1.1",रघुवंशी_का
,,,,महा-,महा-आत्मनः,"बहुव्रीहिः,9.2",महा-
,,,,आत्मनः,--,"विशेषणम्,8.1",आत्मे
,स-गणः,अनुयायियों के साथ,along with his followers and attendants,.,.,-,-
,,,,अभिषिच्य,अभिषिच्य,"पूर्वकालः,10.1",छिडक_कर
,प्रेत्य,शरीर त्याग कर,having departed from this world,च,च,"सम्बन्धः,1.1",च1
,स्वर्गे,स्वर्ग लोक में,in heaven,लङ्कायाम्,लङ्कायां,"अधिकरणम्,1.1",लङ्का_में
,महीयते,पूजा जाता है,be honoured,राक्षस-,राक्षस-इन्द्रं,"षष्ठी-तत्पुरुषः,4.2",राक्षस-
,99,99,99,इन्द्रम्,--,"विशेषणम्,5.1",इन्द्र
11.1.A,पठन्,पढता हुआ,by reading (it),विभीषणम्,विभीषणम्,"कर्म,1.1",विभीषण
,द्विजः,ब्राह्मण,a brahmin,कृतकृत्यः,कृतकृत्यः,"विशेषणम्,8.1",कृतकृत्य
,वाक्,वाक्,in eloquence,तदा,तदा,"कालाधिकरणम्,10.1",तब
,ऋषभत्वम्,चातुर्य,fair to attain eminence,रामः,रामः,"कर्ता,10.1;कर्ता,1.1",राम_ने
,ईयात्,प्राप्त करे,may attain,विज्वरः,विज्वरः,"विशेषणम्,8.1",ज्वर_से_मुक्त
,स्यात्,यदि,if,प्रमुमोद,प्रमुमोद,"अभिहित_कर्ता,8.1;सकर्मक",प्र_मुद्1या
,क्षत्रियः,क्षत्रिय,a kshatriya,ह,ह,"सम्बन्धः,10.1",ह
,भूमि-पतित्वम्,भूमि के स्वामित्व को,lordship over the earth,.,.,-,-
,,,,देवताभ्यः,देवताभ्यः,"अपादानम्,3.1",देवताओं_से
,ईयात्,प्राप्त करे,may attain,वरम्,वरं,"कर्म,3.1",श्रेष्ठ
,वणिक्,वैश्य,a merchant,प्राप्य,प्राप्य,"समुच्चितः,4.1",प्राप्त_हो_कर
,जनः,--,person,समुत्थाप्य,समुत्थाप्य,"पूर्वकालः,8.1",खडा_करके
,पण्य-फलत्वम्,व्यापारलाभ,profit in trade,च,च,"समुच्चय_द्योतकः,4.1",च2
,,,,वानरान्,वानरान्,"कर्म,4.1",बन्दर
,ईयात्,प्राप्त करे,may attain,अयोध्याम्,अयोध्यां,"कर्म,8.1",अयोध्या
,जनः,व्यक्ति,person,प्रस्थितः,प्रस्थितः,-,आगे_बढा_हुआ
,च,और,and,रामः,रामः,"कर्ता,8.1;कर्ता,4.1",राम
,शूद्रः,शूद्र वर्ग का व्यक्ति,man belonging to Sudra class,पुष्पकेण,पुष्पकेण,"करणम्,8.1",पुष्पक_से
,अपि,भी,also,सुहृद्-,सुहृद्-वृतः,"तृतीया-तत्पुरुषः,11.2",सुहृद्-
,महत्त्वम्,महत्त्वम्,to superiority,वृतः,--,"विशेषणम्,9.1",छिपाया_गये_के
,ईयात्,प्राप्त करे,may attain,.,.,-,-
